{
    "version": "0.4",
    "title": "Contact",
    "type": "page",
    "metadata": {
        "template_type": "single-page",
        "include_in_zip": "1",
        "elementor_pro_required": null,
        "wp_page_template": "elementor_canvas"
    },
    "content": [
        {
            "id": "461a74cf",
            "settings": {
                "padding": {
                    "unit": "px",
                    "top": "20",
                    "right": "0",
                    "bottom": "0",
                    "left": "0",
                    "isLinked": false
                },
                "padding_mobile": {
                    "unit": "px",
                    "top": "40",
                    "right": "30",
                    "bottom": "0",
                    "left": "30",
                    "isLinked": false
                },
                "layout": "full_width",
                "overflow": "hidden"
            },
            "elements": [
                {
                    "id": "19558f0a",
                    "settings": {
                        "_column_size": 100,
                        "_inline_size": null,
                        "space_between_widgets": 0,
                        "space_between_widgets_mobile": 0
                    },
                    "elements": [
                        {
                            "id": "6a2dfaee",
                            "settings": {
                                "gap": "no",
                                "layout": "full_width",
                                "height_inner": "min-height",
                                "custom_height_inner": {
                                    "unit": "px",
                                    "size": 50,
                                    "sizes": []
                                },
                                "margin": {
                                    "unit": "px",
                                    "top": "0",
                                    "right": 0,
                                    "bottom": "0",
                                    "left": 0,
                                    "isLinked": false
                                },
                                "padding": {
                                    "unit": "px",
                                    "top": "0",
                                    "right": "0",
                                    "bottom": "0",
                                    "left": "0",
                                    "isLinked": false
                                }
                            },
                            "elements": [
                                {
                                    "id": "4036361f",
                                    "settings": {
                                        "_column_size": 100,
                                        "_inline_size": null,
                                        "space_between_widgets": 0,
                                        "_inline_size_tablet": 100
                                    },
                                    "elements": [
                                        {
                                            "id": "72cbc924",
                                            "settings": {
                                                "image": {
                                                    "url": "http:\/\/roythemes.com\/demo\/tk\/orfa\/wp-content\/uploads\/2020\/04\/image-from-rawpixel-id-2046169-png.png",
                                                    "id": 174
                                                },
                                                "_animation": "rotateInDownLeft",
                                                "_position": "absolute",
                                                "_offset_x": {
                                                    "size": -18,
                                                    "unit": "px"
                                                },
                                                "_offset_y": {
                                                    "size": -111,
                                                    "unit": "px"
                                                },
                                                "align": "left",
                                                "_z_index": 3,
                                                "_element_width": "initial",
                                                "_element_width_tablet": "initial",
                                                "_element_width_mobile": "initial",
                                                "_element_custom_width": {
                                                    "unit": "%",
                                                    "size": 12,
                                                    "sizes": []
                                                },
                                                "_element_custom_width_tablet": {
                                                    "unit": "%",
                                                    "size": 16,
                                                    "sizes": []
                                                },
                                                "_element_custom_width_mobile": {
                                                    "unit": "%",
                                                    "size": 38.403
                                                },
                                                "_offset_x_tablet": {
                                                    "size": 16,
                                                    "unit": "px"
                                                },
                                                "_offset_x_mobile": {
                                                    "size": -30,
                                                    "unit": "px"
                                                },
                                                "_offset_y_tablet": {
                                                    "size": -71,
                                                    "unit": "px"
                                                },
                                                "_offset_y_mobile": {
                                                    "size": -96,
                                                    "unit": "px"
                                                }
                                            },
                                            "elements": [],
                                            "isInner": false,
                                            "widgetType": "image",
                                            "elType": "widget"
                                        },
                                        {
                                            "id": "712fc54",
                                            "settings": {
                                                "image": {
                                                    "url": "http:\/\/roythemes.com\/demo\/tk\/orfa\/wp-content\/uploads\/2020\/04\/image-from-rawpixel-id-2046198-png.png",
                                                    "id": 175
                                                },
                                                "_animation": "rotateInDownRight",
                                                "_position": "absolute",
                                                "_offset_x": {
                                                    "size": 2017.813,
                                                    "unit": "px"
                                                },
                                                "_offset_y": {
                                                    "size": -88,
                                                    "unit": "px"
                                                },
                                                "align": "right",
                                                "opacity": {
                                                    "unit": "px",
                                                    "size": 30,
                                                    "sizes": []
                                                },
                                                "_z_index": 3,
                                                "_element_width": "initial",
                                                "_element_width_tablet": "initial",
                                                "_element_width_mobile": "initial",
                                                "_element_custom_width": {
                                                    "unit": "%",
                                                    "size": 10,
                                                    "sizes": []
                                                },
                                                "_element_custom_width_tablet": {
                                                    "unit": "%",
                                                    "size": 16,
                                                    "sizes": []
                                                },
                                                "_element_custom_width_mobile": {
                                                    "unit": "%",
                                                    "size": 32,
                                                    "sizes": []
                                                },
                                                "_offset_orientation_h": "end",
                                                "_offset_x_tablet": {
                                                    "size": 21,
                                                    "unit": "px"
                                                },
                                                "_offset_x_mobile": {
                                                    "size": -3,
                                                    "unit": "px"
                                                },
                                                "_offset_x_end": {
                                                    "size": 35.578,
                                                    "unit": "px"
                                                },
                                                "_offset_x_end_tablet": {
                                                    "size": -28.891,
                                                    "unit": "px"
                                                },
                                                "_offset_x_end_mobile": {
                                                    "size": -46.391,
                                                    "unit": "px"
                                                },
                                                "_offset_y_tablet": {
                                                    "size": -73,
                                                    "unit": "px"
                                                },
                                                "_offset_y_mobile": {
                                                    "size": -79,
                                                    "unit": "px"
                                                }
                                            },
                                            "elements": [],
                                            "isInner": false,
                                            "widgetType": "image",
                                            "elType": "widget"
                                        },
                                        {
                                            "id": "70401f97",
                                            "settings": {
                                                "image": {
                                                    "url": "http:\/\/roythemes.com\/demo\/tk\/orfa\/wp-content\/uploads\/2020\/04\/image-from-rawpixel-id-2046179-png.png",
                                                    "id": 187
                                                },
                                                "_animation": "rotateInDownRight",
                                                "_position": "absolute",
                                                "_offset_x": {
                                                    "size": 2017.813,
                                                    "unit": "px"
                                                },
                                                "_offset_y": {
                                                    "size": -185,
                                                    "unit": "px"
                                                },
                                                "align": "right",
                                                "opacity": {
                                                    "unit": "px",
                                                    "size": 30,
                                                    "sizes": []
                                                },
                                                "_z_index": 1,
                                                "_element_width": "initial",
                                                "_element_width_tablet": "initial",
                                                "_element_width_mobile": "initial",
                                                "_element_custom_width": {
                                                    "unit": "%",
                                                    "size": 11,
                                                    "sizes": []
                                                },
                                                "_element_custom_width_tablet": {
                                                    "unit": "%",
                                                    "size": 16,
                                                    "sizes": []
                                                },
                                                "_element_custom_width_mobile": {
                                                    "unit": "%",
                                                    "size": 32,
                                                    "sizes": []
                                                },
                                                "_offset_orientation_h": "end",
                                                "_offset_x_tablet": {
                                                    "size": 21,
                                                    "unit": "px"
                                                },
                                                "_offset_x_mobile": {
                                                    "size": -3,
                                                    "unit": "px"
                                                },
                                                "_offset_x_end": {
                                                    "size": -119.1,
                                                    "unit": "px"
                                                },
                                                "_offset_x_end_tablet": {
                                                    "size": -43.859,
                                                    "unit": "px"
                                                },
                                                "_offset_x_end_mobile": {
                                                    "size": -48.766,
                                                    "unit": "px"
                                                },
                                                "_offset_y_tablet": {
                                                    "size": -67,
                                                    "unit": "px"
                                                },
                                                "_offset_y_mobile": {
                                                    "size": -76,
                                                    "unit": "px"
                                                }
                                            },
                                            "elements": [],
                                            "isInner": false,
                                            "widgetType": "image",
                                            "elType": "widget"
                                        },
                                        {
                                            "id": "7c8db397",
                                            "settings": {
                                                "image": {
                                                    "url": "http:\/\/roythemes.com\/demo\/tk\/orfa\/wp-content\/uploads\/2020\/04\/image-from-rawpixel-id-2046170-png.png",
                                                    "id": 173
                                                },
                                                "_animation": "rotateInDownRight",
                                                "_position": "absolute",
                                                "_offset_x": {
                                                    "size": 2017.813,
                                                    "unit": "px"
                                                },
                                                "_offset_y": {
                                                    "size": -22.422,
                                                    "unit": "px"
                                                },
                                                "align": "right",
                                                "opacity": {
                                                    "unit": "px",
                                                    "size": 30,
                                                    "sizes": []
                                                },
                                                "_z_index": 3,
                                                "_element_width": "initial",
                                                "_element_width_tablet": "initial",
                                                "_element_width_mobile": "initial",
                                                "_element_custom_width": {
                                                    "unit": "%",
                                                    "size": 9,
                                                    "sizes": []
                                                },
                                                "_element_custom_width_tablet": {
                                                    "unit": "%",
                                                    "size": 16,
                                                    "sizes": []
                                                },
                                                "_element_custom_width_mobile": {
                                                    "unit": "%",
                                                    "size": 30,
                                                    "sizes": []
                                                },
                                                "_offset_orientation_h": "end",
                                                "_offset_x_tablet": {
                                                    "size": 21,
                                                    "unit": "px"
                                                },
                                                "_offset_x_mobile": {
                                                    "size": -3,
                                                    "unit": "px"
                                                },
                                                "_offset_x_end": {
                                                    "size": -58.672,
                                                    "unit": "px"
                                                },
                                                "_offset_x_end_tablet": {
                                                    "size": -43.016,
                                                    "unit": "px"
                                                },
                                                "_offset_x_end_mobile": {
                                                    "size": -63.078,
                                                    "unit": "px"
                                                },
                                                "_offset_y_tablet": {
                                                    "size": -45,
                                                    "unit": "px"
                                                },
                                                "_offset_y_mobile": {
                                                    "size": -62,
                                                    "unit": "px"
                                                }
                                            },
                                            "elements": [],
                                            "isInner": false,
                                            "widgetType": "image",
                                            "elType": "widget"
                                        },
                                        {
                                            "id": "339d0d4c",
                                            "settings": {
                                                "image": {
                                                    "url": "http:\/\/roythemes.com\/demo\/tk\/orfa\/wp-content\/uploads\/2020\/04\/image-from-rawpixel-id-2046209-png.png",
                                                    "id": 185
                                                },
                                                "_animation": "rotateInDownRight",
                                                "_position": "absolute",
                                                "_offset_x": {
                                                    "size": 2017.813,
                                                    "unit": "px"
                                                },
                                                "_offset_y": {
                                                    "size": -158.422,
                                                    "unit": "px"
                                                },
                                                "align": "right",
                                                "opacity": {
                                                    "unit": "px",
                                                    "size": 30,
                                                    "sizes": []
                                                },
                                                "_z_index": 3,
                                                "_element_width": "initial",
                                                "_element_width_tablet": "initial",
                                                "_element_width_mobile": "initial",
                                                "_element_custom_width": {
                                                    "unit": "%",
                                                    "size": 10,
                                                    "sizes": []
                                                },
                                                "_element_custom_width_tablet": {
                                                    "unit": "%",
                                                    "size": 16,
                                                    "sizes": []
                                                },
                                                "_element_custom_width_mobile": {
                                                    "unit": "%",
                                                    "size": 30,
                                                    "sizes": []
                                                },
                                                "_offset_orientation_h": "end",
                                                "_offset_x_tablet": {
                                                    "size": 21,
                                                    "unit": "px"
                                                },
                                                "_offset_x_mobile": {
                                                    "size": -3,
                                                    "unit": "px"
                                                },
                                                "_offset_x_end": {
                                                    "size": 139.25,
                                                    "unit": "px"
                                                },
                                                "_offset_x_end_tablet": {
                                                    "size": 55.094,
                                                    "unit": "px"
                                                },
                                                "_offset_x_end_mobile": {
                                                    "size": 16.156,
                                                    "unit": "px"
                                                },
                                                "_offset_y_tablet": {
                                                    "size": -103,
                                                    "unit": "px"
                                                },
                                                "_offset_y_mobile": {
                                                    "size": -98,
                                                    "unit": "px"
                                                }
                                            },
                                            "elements": [],
                                            "isInner": false,
                                            "widgetType": "image",
                                            "elType": "widget"
                                        },
                                        {
                                            "id": "63d43efa",
                                            "settings": {
                                                "image": {
                                                    "url": "http:\/\/roythemes.com\/demo\/tk\/orfa\/wp-content\/uploads\/2020\/04\/image-from-rawpixel-id-2046198-png.png",
                                                    "id": 175
                                                },
                                                "_animation": "rotateInDownLeft",
                                                "_position": "absolute",
                                                "_offset_x": {
                                                    "size": -132,
                                                    "unit": "px"
                                                },
                                                "_offset_y": {
                                                    "size": -95,
                                                    "unit": "px"
                                                },
                                                "align": "left",
                                                "_z_index": 1,
                                                "_element_width": "initial",
                                                "_element_width_tablet": "initial",
                                                "_element_width_mobile": "initial",
                                                "_element_custom_width": {
                                                    "unit": "%",
                                                    "size": 12,
                                                    "sizes": []
                                                },
                                                "_element_custom_width_tablet": {
                                                    "unit": "%",
                                                    "size": 15,
                                                    "sizes": []
                                                },
                                                "_element_custom_width_mobile": {
                                                    "unit": "%",
                                                    "size": 24,
                                                    "sizes": []
                                                },
                                                "_offset_x_tablet": {
                                                    "size": -31,
                                                    "unit": "px"
                                                },
                                                "_offset_x_mobile": {
                                                    "size": -36,
                                                    "unit": "px"
                                                },
                                                "_offset_y_tablet": {
                                                    "size": -48,
                                                    "unit": "px"
                                                },
                                                "_offset_y_mobile": {
                                                    "size": -68,
                                                    "unit": "px"
                                                }
                                            },
                                            "elements": [],
                                            "isInner": false,
                                            "widgetType": "image",
                                            "elType": "widget"
                                        },
                                        {
                                            "id": "5340b7cd",
                                            "settings": {
                                                "image": {
                                                    "url": "http:\/\/roythemes.com\/demo\/tk\/orfa\/wp-content\/uploads\/2020\/04\/image-from-rawpixel-id-2046205-png.png",
                                                    "id": 186
                                                },
                                                "_animation": "rotateInDownLeft",
                                                "_position": "absolute",
                                                "_offset_x": {
                                                    "size": 102.172,
                                                    "unit": "px"
                                                },
                                                "_offset_y": {
                                                    "size": -129.797,
                                                    "unit": "px"
                                                },
                                                "align": "left",
                                                "_z_index": 2,
                                                "_element_width": "initial",
                                                "_element_width_tablet": "initial",
                                                "_element_width_mobile": "initial",
                                                "_element_custom_width": {
                                                    "unit": "%",
                                                    "size": 10.887
                                                },
                                                "_element_custom_width_tablet": {
                                                    "unit": "%",
                                                    "size": 20,
                                                    "sizes": []
                                                },
                                                "_element_custom_width_mobile": {
                                                    "unit": "%",
                                                    "size": 29,
                                                    "sizes": []
                                                },
                                                "_offset_x_tablet": {
                                                    "size": 67,
                                                    "unit": "px"
                                                },
                                                "_offset_x_mobile": {
                                                    "size": 30,
                                                    "unit": "px"
                                                },
                                                "_offset_y_tablet": {
                                                    "size": -96,
                                                    "unit": "px"
                                                },
                                                "_offset_y_mobile": {
                                                    "size": -75,
                                                    "unit": "px"
                                                }
                                            },
                                            "elements": [],
                                            "isInner": false,
                                            "widgetType": "image",
                                            "elType": "widget"
                                        },
                                        {
                                            "id": "68f7d3c4",
                                            "settings": {
                                                "image": {
                                                    "url": "http:\/\/roythemes.com\/demo\/tk\/orfa\/wp-content\/uploads\/2020\/04\/image-from-rawpixel-id-2046199-png.png",
                                                    "id": 188
                                                },
                                                "_animation": "rotateInDownLeft",
                                                "_position": "absolute",
                                                "_offset_x": {
                                                    "size": -106,
                                                    "unit": "px"
                                                },
                                                "_offset_y": {
                                                    "size": -11.359,
                                                    "unit": "px"
                                                },
                                                "align": "left",
                                                "_z_index": 1,
                                                "_element_width": "initial",
                                                "_element_width_tablet": "initial",
                                                "_element_width_mobile": "initial",
                                                "_element_custom_width": {
                                                    "unit": "%",
                                                    "size": 10,
                                                    "sizes": []
                                                },
                                                "_element_custom_width_tablet": {
                                                    "unit": "%",
                                                    "size": 16,
                                                    "sizes": []
                                                },
                                                "_element_custom_width_mobile": {
                                                    "unit": "%",
                                                    "size": 27,
                                                    "sizes": []
                                                },
                                                "_offset_x_tablet": {
                                                    "size": -54,
                                                    "unit": "px"
                                                },
                                                "_offset_x_mobile": {
                                                    "size": -62,
                                                    "unit": "px"
                                                },
                                                "_offset_y_tablet": {
                                                    "size": -21,
                                                    "unit": "px"
                                                },
                                                "_offset_y_mobile": {
                                                    "size": -42,
                                                    "unit": "px"
                                                }
                                            },
                                            "elements": [],
                                            "isInner": false,
                                            "widgetType": "image",
                                            "elType": "widget"
                                        }
                                    ],
                                    "isInner": true,
                                    "elType": "column"
                                }
                            ],
                            "isInner": true,
                            "elType": "section"
                        },
                        {
                            "id": "66f5fa10",
                            "settings": {
                                "title": "Get in touch",
                                "align": "center",
                                "typography_typography": "custom",
                                "typography_font_family": "Ubuntu",
                                "typography_font_size": {
                                    "unit": "px",
                                    "size": 60,
                                    "sizes": []
                                },
                                "typography_letter_spacing": {
                                    "unit": "px",
                                    "size": -2,
                                    "sizes": []
                                },
                                "_z_index": 1,
                                "typography_font_size_mobile": {
                                    "unit": "px",
                                    "size": 40,
                                    "sizes": []
                                },
                                "typography_font_size_tablet": {
                                    "unit": "px",
                                    "size": 50,
                                    "sizes": []
                                },
                                "align_mobile": "center",
                                "title_color": "#000000",
                                "header_size": "h1",
                                "typography_font_weight": "500",
                                "_margin": {
                                    "unit": "px",
                                    "top": "0",
                                    "right": "0",
                                    "bottom": "10",
                                    "left": "0",
                                    "isLinked": false
                                },
                                "_margin_mobile": {
                                    "unit": "px",
                                    "top": "0",
                                    "right": "0",
                                    "bottom": "10",
                                    "left": "0",
                                    "isLinked": false
                                },
                                "_padding_mobile": {
                                    "unit": "px",
                                    "top": "0",
                                    "right": "0",
                                    "bottom": "0",
                                    "left": "0",
                                    "isLinked": false
                                }
                            },
                            "elements": [],
                            "isInner": false,
                            "widgetType": "heading",
                            "elType": "widget"
                        },
                        {
                            "id": "1ee26838",
                            "settings": {
                                "editor": "<p>Feel free to ask any question<\/p>",
                                "align": "center",
                                "text_color": "#6ABF2B",
                                "typography_typography": "custom",
                                "typography_font_family": "Ubuntu",
                                "typography_font_size": {
                                    "unit": "px",
                                    "size": 18,
                                    "sizes": []
                                },
                                "typography_font_size_mobile": {
                                    "unit": "px",
                                    "size": 16,
                                    "sizes": []
                                },
                                "typography_font_weight": "500",
                                "_margin": {
                                    "unit": "px",
                                    "top": "0",
                                    "right": "0",
                                    "bottom": "40",
                                    "left": "0",
                                    "isLinked": false
                                }
                            },
                            "elements": [],
                            "isInner": false,
                            "widgetType": "text-editor",
                            "elType": "widget"
                        }
                    ],
                    "isInner": false,
                    "elType": "column"
                }
            ],
            "isInner": false,
            "elType": "section"
        },
        {
            "id": "59623a30",
            "settings": {
                "structure": "30",
                "padding": {
                    "unit": "px",
                    "top": "40",
                    "right": "0",
                    "bottom": "40",
                    "left": "0",
                    "isLinked": false
                },
                "padding_mobile": {
                    "unit": "px",
                    "top": "0",
                    "right": "30",
                    "bottom": "0",
                    "left": "30",
                    "isLinked": false
                }
            },
            "elements": [
                {
                    "id": "5ba21ff1",
                    "settings": {
                        "_column_size": 33,
                        "_inline_size": null
                    },
                    "elements": [
                        {
                            "id": "330fc7e9",
                            "settings": {
                                "title": "Address",
                                "header_size": "h4",
                                "align": "center",
                                "title_color": "#000000",
                                "typography_typography": "custom",
                                "typography_font_family": "Ubuntu",
                                "typography_font_size": {
                                    "unit": "px",
                                    "size": 24,
                                    "sizes": []
                                },
                                "typography_font_size_mobile": {
                                    "unit": "px",
                                    "size": 20,
                                    "sizes": []
                                },
                                "typography_font_weight": "500"
                            },
                            "elements": [],
                            "isInner": false,
                            "widgetType": "heading",
                            "elType": "widget"
                        },
                        {
                            "id": "73a2633b",
                            "settings": {
                                "editor": "<p>23 Green St. Eco Farm<\/p>",
                                "align": "center",
                                "text_color": "#000000",
                                "typography_typography": "custom",
                                "typography_font_family": "Ubuntu",
                                "typography_font_size": {
                                    "unit": "px",
                                    "size": 18,
                                    "sizes": []
                                },
                                "typography_font_size_mobile": {
                                    "unit": "px",
                                    "size": 16,
                                    "sizes": []
                                },
                                "typography_font_weight": "400",
                                "_margin": {
                                    "unit": "px",
                                    "top": "0",
                                    "right": "0",
                                    "bottom": "40",
                                    "left": "0",
                                    "isLinked": false
                                }
                            },
                            "elements": [],
                            "isInner": false,
                            "widgetType": "text-editor",
                            "elType": "widget"
                        }
                    ],
                    "isInner": false,
                    "elType": "column"
                },
                {
                    "id": "71001f33",
                    "settings": {
                        "_column_size": 33,
                        "_inline_size": null
                    },
                    "elements": [
                        {
                            "id": "61ee9aa4",
                            "settings": {
                                "title": "E-mail",
                                "header_size": "h4",
                                "align": "center",
                                "title_color": "#000000",
                                "typography_typography": "custom",
                                "typography_font_family": "Ubuntu",
                                "typography_font_size": {
                                    "unit": "px",
                                    "size": 24,
                                    "sizes": []
                                },
                                "typography_font_size_mobile": {
                                    "unit": "px",
                                    "size": 20,
                                    "sizes": []
                                },
                                "typography_font_weight": "500"
                            },
                            "elements": [],
                            "isInner": false,
                            "widgetType": "heading",
                            "elType": "widget"
                        },
                        {
                            "id": "69966d63",
                            "settings": {
                                "editor": "<p>farm@roythemes.com<\/p>",
                                "align": "center",
                                "text_color": "#000000",
                                "typography_typography": "custom",
                                "typography_font_family": "Ubuntu",
                                "typography_font_size": {
                                    "unit": "px",
                                    "size": 18,
                                    "sizes": []
                                },
                                "typography_font_size_mobile": {
                                    "unit": "px",
                                    "size": 16,
                                    "sizes": []
                                },
                                "typography_font_weight": "400",
                                "_margin": {
                                    "unit": "px",
                                    "top": "0",
                                    "right": "0",
                                    "bottom": "40",
                                    "left": "0",
                                    "isLinked": false
                                }
                            },
                            "elements": [],
                            "isInner": false,
                            "widgetType": "text-editor",
                            "elType": "widget"
                        }
                    ],
                    "isInner": false,
                    "elType": "column"
                },
                {
                    "id": "67324d1c",
                    "settings": {
                        "_column_size": 33,
                        "_inline_size": null
                    },
                    "elements": [
                        {
                            "id": "1bc120cb",
                            "settings": {
                                "title": "Phone",
                                "header_size": "h4",
                                "align": "center",
                                "title_color": "#000000",
                                "typography_typography": "custom",
                                "typography_font_family": "Ubuntu",
                                "typography_font_size": {
                                    "unit": "px",
                                    "size": 24,
                                    "sizes": []
                                },
                                "typography_font_size_mobile": {
                                    "unit": "px",
                                    "size": 20,
                                    "sizes": []
                                },
                                "typography_font_weight": "500"
                            },
                            "elements": [],
                            "isInner": false,
                            "widgetType": "heading",
                            "elType": "widget"
                        },
                        {
                            "id": "2ab733d1",
                            "settings": {
                                "editor": "<p>+01 (233) 455 64 79<\/p>",
                                "align": "center",
                                "text_color": "#000000",
                                "typography_typography": "custom",
                                "typography_font_family": "Ubuntu",
                                "typography_font_size": {
                                    "unit": "px",
                                    "size": 18,
                                    "sizes": []
                                },
                                "typography_font_size_mobile": {
                                    "unit": "px",
                                    "size": 16,
                                    "sizes": []
                                },
                                "typography_font_weight": "400",
                                "_margin": {
                                    "unit": "px",
                                    "top": "0",
                                    "right": "0",
                                    "bottom": "40",
                                    "left": "0",
                                    "isLinked": false
                                }
                            },
                            "elements": [],
                            "isInner": false,
                            "widgetType": "text-editor",
                            "elType": "widget"
                        }
                    ],
                    "isInner": false,
                    "elType": "column"
                }
            ],
            "isInner": false,
            "elType": "section"
        },
        {
            "id": "3141bb8c",
            "settings": {
                "padding": {
                    "unit": "px",
                    "top": "0",
                    "right": "0",
                    "bottom": "90",
                    "left": "0",
                    "isLinked": false
                },
                "gap": "no",
                "margin": {
                    "unit": "px",
                    "top": "0",
                    "right": 0,
                    "bottom": "0",
                    "left": 0,
                    "isLinked": false
                },
                "padding_mobile": {
                    "unit": "px",
                    "top": "0",
                    "right": "0",
                    "bottom": "0",
                    "left": "0",
                    "isLinked": false
                },
                "padding_tablet": {
                    "unit": "em",
                    "top": "0",
                    "right": "0",
                    "bottom": "0",
                    "left": "0",
                    "isLinked": false
                }
            },
            "elements": [
                {
                    "id": "52f07e74",
                    "settings": {
                        "_column_size": 100,
                        "_inline_size": null,
                        "align": "center",
                        "space_between_widgets": 0,
                        "padding": {
                            "unit": "px",
                            "top": "0",
                            "right": "6",
                            "bottom": "0",
                            "left": "0",
                            "isLinked": false
                        },
                        "padding_mobile": {
                            "unit": "px",
                            "top": "0",
                            "right": "0",
                            "bottom": "0",
                            "left": "0",
                            "isLinked": false
                        }
                    },
                    "elements": [
                        {
                            "id": "2a4e0513",
                            "settings": {
                                "gap": "no",
                                "structure": "20"
                            },
                            "elements": [
                                {
                                    "id": "12ad004e",
                                    "settings": {
                                        "_column_size": 50,
                                        "_inline_size": 66.993,
                                        "padding_tablet": {
                                            "unit": "px",
                                            "top": "0",
                                            "right": "40",
                                            "bottom": "0",
                                            "left": "40",
                                            "isLinked": false
                                        },
                                        "padding": {
                                            "unit": "px",
                                            "top": "0",
                                            "right": "60",
                                            "bottom": "0",
                                            "left": "0",
                                            "isLinked": false
                                        },
                                        "_inline_size_tablet": 100,
                                        "padding_mobile": {
                                            "unit": "px",
                                            "top": "0",
                                            "right": "0",
                                            "bottom": "0",
                                            "left": "0",
                                            "isLinked": false
                                        }
                                    },
                                    "elements": [
                                        {
                                            "id": "37379a3c",
                                            "settings": {
                                                "address": "London Eye, London, United Kingdom",
                                                "zoom": {
                                                    "unit": "px",
                                                    "size": 14,
                                                    "sizes": []
                                                },
                                                "height": {
                                                    "unit": "px",
                                                    "size": 676,
                                                    "sizes": []
                                                },
                                                "height_mobile": {
                                                    "unit": "px",
                                                    "size": 249,
                                                    "sizes": []
                                                },
                                                "css_filters_css_filter": "custom",
                                                "css_filters_saturate": {
                                                    "unit": "px",
                                                    "size": 45,
                                                    "sizes": []
                                                }
                                            },
                                            "elements": [],
                                            "isInner": false,
                                            "widgetType": "google_maps",
                                            "elType": "widget"
                                        }
                                    ],
                                    "isInner": true,
                                    "elType": "column"
                                },
                                {
                                    "id": "4d50c2ec",
                                    "settings": {
                                        "_column_size": 50,
                                        "_inline_size": 32.898,
                                        "_inline_size_tablet": 100,
                                        "padding_tablet": {
                                            "unit": "px",
                                            "top": "40",
                                            "right": "40",
                                            "bottom": "0",
                                            "left": "40",
                                            "isLinked": false
                                        },
                                        "padding_mobile": {
                                            "unit": "px",
                                            "top": "0",
                                            "right": "0",
                                            "bottom": "0",
                                            "left": "0",
                                            "isLinked": false
                                        }
                                    },
                                    "elements": [
                                        {
                                            "id": "556385b5",
                                            "settings": {
                                                "contact_form_list": "5",
                                                "eael_contact_form_background_background": "classic",
                                                "eael_contact_form_background_color": "#F7F0EA",
                                                "eael_contact_form_alignment": "right",
                                                "eael_contact_form_max_width": {
                                                    "unit": "%",
                                                    "size": 100,
                                                    "sizes": []
                                                },
                                                "eael_contact_form_padding": {
                                                    "unit": "px",
                                                    "top": "50",
                                                    "right": "50",
                                                    "bottom": "30",
                                                    "left": "50",
                                                    "isLinked": false
                                                },
                                                "eael_contact_form_box_shadow_box_shadow": {
                                                    "horizontal": 0,
                                                    "vertical": 40,
                                                    "blur": 60,
                                                    "spread": 0,
                                                    "color": "rgba(0, 172, 172, 0.11)"
                                                },
                                                "heading_alignment": "center",
                                                "input_spacing": {
                                                    "unit": "px",
                                                    "size": "",
                                                    "sizes": []
                                                },
                                                "field_padding": {
                                                    "unit": "px",
                                                    "top": "14",
                                                    "right": "20",
                                                    "bottom": "14",
                                                    "left": "20",
                                                    "isLinked": false
                                                },
                                                "text_indent": {
                                                    "unit": "px",
                                                    "size": 0,
                                                    "sizes": []
                                                },
                                                "input_width": {
                                                    "unit": "%",
                                                    "size": 100,
                                                    "sizes": []
                                                },
                                                "textarea_width": {
                                                    "unit": "%",
                                                    "size": 100,
                                                    "sizes": []
                                                },
                                                "field_border_border": "solid",
                                                "field_border_width": {
                                                    "unit": "px",
                                                    "top": "2",
                                                    "right": "2",
                                                    "bottom": "2",
                                                    "left": "2",
                                                    "isLinked": true
                                                },
                                                "field_border_color": "#FFFFFF",
                                                "field_typography_typography": "custom",
                                                "field_typography_font_family": "Montserrat",
                                                "field_typography_font_size": {
                                                    "unit": "px",
                                                    "size": 15,
                                                    "sizes": []
                                                },
                                                "field_typography_font_weight": "500",
                                                "typography_label_typography": "custom",
                                                "typography_label_font_family": "Montserrat",
                                                "typography_label_font_size": {
                                                    "unit": "px",
                                                    "size": 16,
                                                    "sizes": []
                                                },
                                                "typography_label_font_weight": "500",
                                                "typography_label_line_height": {
                                                    "unit": "em",
                                                    "size": 1.9,
                                                    "sizes": []
                                                },
                                                "button_align": "right",
                                                "button_bg_color_normal": "#6ABF2B",
                                                "button_text_color_normal": "#FFFFFF",
                                                "button_border_normal_border": "solid",
                                                "button_border_normal_color": "#FFFFFF",
                                                "button_border_radius": {
                                                    "unit": "px",
                                                    "top": "50",
                                                    "right": "50",
                                                    "bottom": "50",
                                                    "left": "50",
                                                    "isLinked": true
                                                },
                                                "button_padding": {
                                                    "unit": "px",
                                                    "top": "18",
                                                    "right": "60",
                                                    "bottom": "18",
                                                    "left": "60",
                                                    "isLinked": false
                                                },
                                                "button_typography_typography": "custom",
                                                "button_typography_font_size": {
                                                    "unit": "px",
                                                    "size": 16,
                                                    "sizes": []
                                                },
                                                "button_typography_font_weight": "500",
                                                "label_spacing": {
                                                    "unit": "px",
                                                    "size": 0,
                                                    "sizes": []
                                                },
                                                "button_bg_color_hover": "#4BA10C",
                                                "button_text_color_hover": "#FFFFFF",
                                                "button_width_mobile": {
                                                    "unit": "%",
                                                    "size": 100,
                                                    "sizes": []
                                                },
                                                "button_width": {
                                                    "unit": "%",
                                                    "size": 100,
                                                    "sizes": []
                                                }
                                            },
                                            "elements": [],
                                            "isInner": false,
                                            "widgetType": "eael-contact-form-7",
                                            "elType": "widget"
                                        }
                                    ],
                                    "isInner": true,
                                    "elType": "column"
                                }
                            ],
                            "isInner": true,
                            "elType": "section"
                        }
                    ],
                    "isInner": false,
                    "elType": "column"
                }
            ],
            "isInner": false,
            "elType": "section"
        },
        {
            "id": "4da49433",
            "settings": {
                "gap": "no",
                "structure": "30",
                "padding_tablet": {
                    "unit": "px",
                    "top": "60",
                    "right": "120",
                    "bottom": "0",
                    "left": "120",
                    "isLinked": false
                },
                "padding_mobile": {
                    "unit": "px",
                    "top": "40",
                    "right": "40",
                    "bottom": "0",
                    "left": "40",
                    "isLinked": false
                },
                "padding": {
                    "unit": "px",
                    "top": "0",
                    "right": "0",
                    "bottom": "60",
                    "left": "0",
                    "isLinked": false
                }
            },
            "elements": [
                {
                    "id": "5561a1d",
                    "settings": {
                        "_column_size": 33,
                        "_inline_size": null,
                        "_inline_size_tablet": 100
                    },
                    "elements": [
                        {
                            "id": "da08814",
                            "settings": {
                                "gap": "no",
                                "structure": "20"
                            },
                            "elements": [
                                {
                                    "id": "5a037ac8",
                                    "settings": {
                                        "_column_size": 50,
                                        "_inline_size": 23.415,
                                        "align_mobile": "center"
                                    },
                                    "elements": [
                                        {
                                            "id": "1d19ce38",
                                            "settings": {
                                                "editor": "<p>1<\/p>",
                                                "align": "center",
                                                "text_color": "#000000",
                                                "typography_typography": "custom",
                                                "typography_font_family": "Ubuntu",
                                                "typography_font_size": {
                                                    "unit": "px",
                                                    "size": 20,
                                                    "sizes": []
                                                },
                                                "typography_font_size_mobile": {
                                                    "unit": "px",
                                                    "size": 16,
                                                    "sizes": []
                                                },
                                                "typography_font_weight": "500",
                                                "typography_line_height": {
                                                    "unit": "px",
                                                    "size": 72,
                                                    "sizes": []
                                                },
                                                "_margin": {
                                                    "unit": "%",
                                                    "top": "",
                                                    "right": "",
                                                    "bottom": "",
                                                    "left": "",
                                                    "isLinked": false
                                                },
                                                "_padding": {
                                                    "unit": "px",
                                                    "top": "0",
                                                    "right": "0",
                                                    "bottom": "0",
                                                    "left": "0",
                                                    "isLinked": false
                                                },
                                                "_background_background": "classic",
                                                "_background_color": "#F7F0EA",
                                                "_border_radius": {
                                                    "unit": "px",
                                                    "top": "100",
                                                    "right": "100",
                                                    "bottom": "100",
                                                    "left": "100",
                                                    "isLinked": true
                                                },
                                                "_element_width": "initial",
                                                "_element_custom_width": {
                                                    "unit": "px",
                                                    "size": 72,
                                                    "sizes": []
                                                }
                                            },
                                            "elements": [],
                                            "isInner": false,
                                            "widgetType": "text-editor",
                                            "elType": "widget"
                                        }
                                    ],
                                    "isInner": true,
                                    "elType": "column"
                                },
                                {
                                    "id": "19a781cf",
                                    "settings": {
                                        "_column_size": 50,
                                        "_inline_size": 76.581
                                    },
                                    "elements": [
                                        {
                                            "id": "2181db23",
                                            "settings": {
                                                "editor": "<p>Organic products from the farm grown in the best conditions<\/p>",
                                                "align": "left",
                                                "align_mobile": "center",
                                                "text_color": "#000000",
                                                "typography_typography": "custom",
                                                "typography_font_family": "Ubuntu",
                                                "typography_font_size": {
                                                    "unit": "px",
                                                    "size": 18,
                                                    "sizes": []
                                                },
                                                "typography_font_size_mobile": {
                                                    "unit": "px",
                                                    "size": 16,
                                                    "sizes": []
                                                },
                                                "typography_font_weight": "400",
                                                "_margin": {
                                                    "unit": "px",
                                                    "top": "0",
                                                    "right": "0",
                                                    "bottom": "0",
                                                    "left": "0",
                                                    "isLinked": false
                                                },
                                                "_padding": {
                                                    "unit": "px",
                                                    "top": "10",
                                                    "right": "0",
                                                    "bottom": "0",
                                                    "left": "0",
                                                    "isLinked": false
                                                }
                                            },
                                            "elements": [],
                                            "isInner": false,
                                            "widgetType": "text-editor",
                                            "elType": "widget"
                                        }
                                    ],
                                    "isInner": true,
                                    "elType": "column"
                                }
                            ],
                            "isInner": true,
                            "elType": "section"
                        }
                    ],
                    "isInner": false,
                    "elType": "column"
                },
                {
                    "id": "646eb874",
                    "settings": {
                        "_column_size": 33,
                        "_inline_size": null,
                        "_inline_size_tablet": 100
                    },
                    "elements": [
                        {
                            "id": "5d8e55e9",
                            "settings": {
                                "gap": "no",
                                "structure": "20"
                            },
                            "elements": [
                                {
                                    "id": "76985bd9",
                                    "settings": {
                                        "_column_size": 50,
                                        "_inline_size": 23.415,
                                        "align_mobile": "center"
                                    },
                                    "elements": [
                                        {
                                            "id": "6ce8399c",
                                            "settings": {
                                                "editor": "<p>2<\/p>",
                                                "align": "center",
                                                "text_color": "#000000",
                                                "typography_typography": "custom",
                                                "typography_font_family": "Ubuntu",
                                                "typography_font_size": {
                                                    "unit": "px",
                                                    "size": 20,
                                                    "sizes": []
                                                },
                                                "typography_font_size_mobile": {
                                                    "unit": "px",
                                                    "size": 16,
                                                    "sizes": []
                                                },
                                                "typography_font_weight": "500",
                                                "typography_line_height": {
                                                    "unit": "px",
                                                    "size": 72,
                                                    "sizes": []
                                                },
                                                "_margin": {
                                                    "unit": "%",
                                                    "top": "",
                                                    "right": "",
                                                    "bottom": "",
                                                    "left": "",
                                                    "isLinked": false
                                                },
                                                "_padding": {
                                                    "unit": "px",
                                                    "top": "0",
                                                    "right": "0",
                                                    "bottom": "0",
                                                    "left": "0",
                                                    "isLinked": false
                                                },
                                                "_background_background": "classic",
                                                "_background_color": "#F7F0EA",
                                                "_border_radius": {
                                                    "unit": "px",
                                                    "top": "100",
                                                    "right": "100",
                                                    "bottom": "100",
                                                    "left": "100",
                                                    "isLinked": true
                                                },
                                                "_element_width": "initial",
                                                "_element_custom_width": {
                                                    "unit": "px",
                                                    "size": 72,
                                                    "sizes": []
                                                }
                                            },
                                            "elements": [],
                                            "isInner": false,
                                            "widgetType": "text-editor",
                                            "elType": "widget"
                                        }
                                    ],
                                    "isInner": true,
                                    "elType": "column"
                                },
                                {
                                    "id": "5716348a",
                                    "settings": {
                                        "_column_size": 50,
                                        "_inline_size": 76.581
                                    },
                                    "elements": [
                                        {
                                            "id": "458c503c",
                                            "settings": {
                                                "editor": "<p>We cook tasty and healthy meals according to the best recipes<\/p>",
                                                "align": "left",
                                                "align_mobile": "center",
                                                "text_color": "#000000",
                                                "typography_typography": "custom",
                                                "typography_font_family": "Ubuntu",
                                                "typography_font_size": {
                                                    "unit": "px",
                                                    "size": 18,
                                                    "sizes": []
                                                },
                                                "typography_font_size_mobile": {
                                                    "unit": "px",
                                                    "size": 16,
                                                    "sizes": []
                                                },
                                                "typography_font_weight": "400",
                                                "_margin": {
                                                    "unit": "px",
                                                    "top": "0",
                                                    "right": "0",
                                                    "bottom": "0",
                                                    "left": "0",
                                                    "isLinked": false
                                                },
                                                "_padding": {
                                                    "unit": "px",
                                                    "top": "10",
                                                    "right": "0",
                                                    "bottom": "0",
                                                    "left": "0",
                                                    "isLinked": false
                                                }
                                            },
                                            "elements": [],
                                            "isInner": false,
                                            "widgetType": "text-editor",
                                            "elType": "widget"
                                        }
                                    ],
                                    "isInner": true,
                                    "elType": "column"
                                }
                            ],
                            "isInner": true,
                            "elType": "section"
                        }
                    ],
                    "isInner": false,
                    "elType": "column"
                },
                {
                    "id": "796d1b02",
                    "settings": {
                        "_column_size": 33,
                        "_inline_size": null,
                        "_inline_size_tablet": 100
                    },
                    "elements": [
                        {
                            "id": "7f4aeaa9",
                            "settings": {
                                "gap": "no",
                                "structure": "20"
                            },
                            "elements": [
                                {
                                    "id": "23a8cab8",
                                    "settings": {
                                        "_column_size": 50,
                                        "_inline_size": 23.415,
                                        "align_mobile": "center"
                                    },
                                    "elements": [
                                        {
                                            "id": "706bc395",
                                            "settings": {
                                                "editor": "<p>3<\/p>",
                                                "align": "center",
                                                "text_color": "#000000",
                                                "typography_typography": "custom",
                                                "typography_font_family": "Ubuntu",
                                                "typography_font_size": {
                                                    "unit": "px",
                                                    "size": 20,
                                                    "sizes": []
                                                },
                                                "typography_font_size_mobile": {
                                                    "unit": "px",
                                                    "size": 16,
                                                    "sizes": []
                                                },
                                                "typography_font_weight": "500",
                                                "typography_line_height": {
                                                    "unit": "px",
                                                    "size": 72,
                                                    "sizes": []
                                                },
                                                "_margin": {
                                                    "unit": "%",
                                                    "top": "",
                                                    "right": "",
                                                    "bottom": "",
                                                    "left": "",
                                                    "isLinked": false
                                                },
                                                "_padding": {
                                                    "unit": "px",
                                                    "top": "0",
                                                    "right": "0",
                                                    "bottom": "0",
                                                    "left": "0",
                                                    "isLinked": false
                                                },
                                                "_background_background": "classic",
                                                "_background_color": "#F7F0EA",
                                                "_border_radius": {
                                                    "unit": "px",
                                                    "top": "100",
                                                    "right": "100",
                                                    "bottom": "100",
                                                    "left": "100",
                                                    "isLinked": true
                                                },
                                                "_element_width": "initial",
                                                "_element_custom_width": {
                                                    "unit": "px",
                                                    "size": 72,
                                                    "sizes": []
                                                }
                                            },
                                            "elements": [],
                                            "isInner": false,
                                            "widgetType": "text-editor",
                                            "elType": "widget"
                                        }
                                    ],
                                    "isInner": true,
                                    "elType": "column"
                                },
                                {
                                    "id": "640e26d0",
                                    "settings": {
                                        "_column_size": 50,
                                        "_inline_size": 76.581
                                    },
                                    "elements": [
                                        {
                                            "id": "177e805d",
                                            "settings": {
                                                "editor": "<p>We process your order and pack it carefully in safe packaging.<\/p>",
                                                "align": "left",
                                                "align_mobile": "center",
                                                "text_color": "#000000",
                                                "typography_typography": "custom",
                                                "typography_font_family": "Ubuntu",
                                                "typography_font_size": {
                                                    "unit": "px",
                                                    "size": 18,
                                                    "sizes": []
                                                },
                                                "typography_font_size_mobile": {
                                                    "unit": "px",
                                                    "size": 16,
                                                    "sizes": []
                                                },
                                                "typography_font_weight": "400",
                                                "_margin": {
                                                    "unit": "px",
                                                    "top": "0",
                                                    "right": "0",
                                                    "bottom": "0",
                                                    "left": "0",
                                                    "isLinked": false
                                                },
                                                "_padding": {
                                                    "unit": "px",
                                                    "top": "10",
                                                    "right": "0",
                                                    "bottom": "0",
                                                    "left": "0",
                                                    "isLinked": false
                                                }
                                            },
                                            "elements": [],
                                            "isInner": false,
                                            "widgetType": "text-editor",
                                            "elType": "widget"
                                        }
                                    ],
                                    "isInner": true,
                                    "elType": "column"
                                }
                            ],
                            "isInner": true,
                            "elType": "section"
                        }
                    ],
                    "isInner": false,
                    "elType": "column"
                }
            ],
            "isInner": false,
            "elType": "section"
        }
    ],
    "page_settings": {
        "eael_ext_toc_title": "Table of Content",
        "background_background": "classic",
        "background_color": "#FFFFFF",
        "template": "elementor_canvas"
    }
}