{
    "version": "0.4",
    "title": "FAQ",
    "type": "page",
    "metadata": {
        "template_type": "single-page",
        "include_in_zip": "1",
        "elementor_pro_required": null,
        "wp_page_template": "elementor_header_footer"
    },
    "content": [
        {
            "id": "322d9de4",
            "settings": {
                "stretch_section": "section-stretched",
                "layout": "full_width",
                "html_tag": "header",
                "margin": {
                    "unit": "px",
                    "top": "0",
                    "right": 0,
                    "bottom": "0",
                    "left": 0,
                    "isLinked": false
                },
                "padding": {
                    "unit": "px",
                    "top": "0",
                    "right": "0",
                    "bottom": "0",
                    "left": "0",
                    "isLinked": false
                },
                "gap": "no",
                "background_background": "classic",
                "background_overlay_background": "classic",
                "background_overlay_opacity": {
                    "unit": "px",
                    "size": 0.4,
                    "sizes": []
                },
                "background_repeat": "no-repeat",
                "background_image": {
                    "url": "http:\/\/template-kit.axiomthemes.com\/mobile-application\/wp-content\/uploads\/sites\/10\/2020\/03\/background-9.jpg",
                    "id": 883
                },
                "background_position": "top center",
                "background_size": "cover"
            },
            "elements": [
                {
                    "id": "1b9dcee",
                    "settings": {
                        "_column_size": 100,
                        "_inline_size": null,
                        "space_between_widgets": 0,
                        "margin": {
                            "unit": "px",
                            "top": "0",
                            "right": "0",
                            "bottom": "0",
                            "left": "0",
                            "isLinked": false
                        },
                        "padding": {
                            "unit": "px",
                            "top": "0",
                            "right": "0",
                            "bottom": "0",
                            "left": "0",
                            "isLinked": false
                        },
                        "background_background": "classic"
                    },
                    "elements": [
                        {
                            "id": "11fe6398",
                            "settings": {
                                "content_width": {
                                    "unit": "px",
                                    "size": 1170,
                                    "sizes": []
                                },
                                "background_background": "gradient",
                                "background_overlay_background": "classic",
                                "box_shadow_box_shadow": {
                                    "horizontal": 2,
                                    "vertical": 2,
                                    "blur": "",
                                    "spread": 0,
                                    "color": "rgba(0, 0, 0, 0.3)"
                                },
                                "margin": {
                                    "unit": "px",
                                    "top": "0",
                                    "right": 0,
                                    "bottom": "0",
                                    "left": 0,
                                    "isLinked": false
                                },
                                "padding": {
                                    "unit": "px",
                                    "top": "115",
                                    "right": "0",
                                    "bottom": "124",
                                    "left": "0",
                                    "isLinked": false
                                },
                                "padding_tablet": {
                                    "unit": "px",
                                    "top": "100",
                                    "right": "30",
                                    "bottom": "100",
                                    "left": "30",
                                    "isLinked": false
                                },
                                "padding_mobile": {
                                    "unit": "px",
                                    "top": "70",
                                    "right": "20",
                                    "bottom": "70",
                                    "left": "20",
                                    "isLinked": false
                                },
                                "background_repeat": "no-repeat",
                                "background_position": "top left",
                                "background_size": "cover",
                                "background_color_b": ""
                            },
                            "elements": [
                                {
                                    "id": "21d4726e",
                                    "settings": {
                                        "_column_size": 100,
                                        "_inline_size": null,
                                        "space_between_widgets": 0,
                                        "margin": {
                                            "unit": "px",
                                            "top": "0",
                                            "right": "0",
                                            "bottom": "0",
                                            "left": "0",
                                            "isLinked": false
                                        },
                                        "padding": {
                                            "unit": "px",
                                            "top": "0",
                                            "right": "0",
                                            "bottom": "0",
                                            "left": "0",
                                            "isLinked": false
                                        },
                                        "align": "center",
                                        "padding_tablet": {
                                            "unit": "px",
                                            "top": "0",
                                            "right": "0",
                                            "bottom": "0",
                                            "left": "0",
                                            "isLinked": false
                                        }
                                    },
                                    "elements": [
                                        {
                                            "id": "5f6db147",
                                            "settings": {
                                                "editor": "Understands Your Customers Better",
                                                "align": "center",
                                                "text_color": "#387AFF",
                                                "typography_typography": "custom",
                                                "typography_font_family": "Cabin",
                                                "typography_font_size": {
                                                    "unit": "em",
                                                    "size": 1,
                                                    "sizes": []
                                                },
                                                "typography_font_weight": "400",
                                                "typography_line_height": {
                                                    "unit": "em",
                                                    "size": 1.41,
                                                    "sizes": []
                                                },
                                                "typography_letter_spacing": {
                                                    "unit": "px",
                                                    "size": 0,
                                                    "sizes": []
                                                },
                                                "_animation": "fadeInUp",
                                                "_animation_delay": 200,
                                                "typography_text_transform": "none",
                                                "typography_line_height_tablet": {
                                                    "unit": "em",
                                                    "size": 1.3,
                                                    "sizes": []
                                                },
                                                "_padding_tablet": {
                                                    "unit": "px",
                                                    "top": "0",
                                                    "right": "0",
                                                    "bottom": "0",
                                                    "left": "0",
                                                    "isLinked": true
                                                },
                                                "_margin": {
                                                    "unit": "px",
                                                    "top": "0",
                                                    "right": "0",
                                                    "bottom": "7",
                                                    "left": "0",
                                                    "isLinked": false
                                                },
                                                "_padding": {
                                                    "unit": "px",
                                                    "top": "0",
                                                    "right": "0",
                                                    "bottom": "0",
                                                    "left": "0",
                                                    "isLinked": false
                                                },
                                                "typography_font_size_mobile": {
                                                    "unit": "em",
                                                    "size": 0.88,
                                                    "sizes": []
                                                }
                                            },
                                            "elements": [],
                                            "isInner": false,
                                            "widgetType": "text-editor",
                                            "elType": "widget"
                                        },
                                        {
                                            "id": "4b48e95d",
                                            "settings": {
                                                "title": "Frequently Asked Questions",
                                                "header_size": "h1",
                                                "title_color": "#FFFFFF",
                                                "typography_typography": "custom",
                                                "typography_font_family": "Cabin",
                                                "typography_font_size": {
                                                    "unit": "em",
                                                    "size": 3.33,
                                                    "sizes": []
                                                },
                                                "typography_font_weight": "700",
                                                "typography_text_transform": "none",
                                                "typography_line_height": {
                                                    "unit": "em",
                                                    "size": 1.3,
                                                    "sizes": []
                                                },
                                                "typography_letter_spacing": {
                                                    "unit": "px",
                                                    "size": 0.1,
                                                    "sizes": []
                                                },
                                                "_margin": {
                                                    "unit": "px",
                                                    "top": "0",
                                                    "right": "0",
                                                    "bottom": "15",
                                                    "left": "0",
                                                    "isLinked": false
                                                },
                                                "_padding": {
                                                    "unit": "px",
                                                    "top": "0",
                                                    "right": "0",
                                                    "bottom": "0",
                                                    "left": "0",
                                                    "isLinked": false
                                                },
                                                "align": "center",
                                                "typography_font_size_tablet": {
                                                    "unit": "em",
                                                    "size": 3,
                                                    "sizes": []
                                                },
                                                "typography_font_size_mobile": {
                                                    "unit": "em",
                                                    "size": 2,
                                                    "sizes": []
                                                },
                                                "_animation": "fadeInUp",
                                                "_padding_tablet": {
                                                    "unit": "px",
                                                    "top": "0",
                                                    "right": "0",
                                                    "bottom": "0",
                                                    "left": "0",
                                                    "isLinked": false
                                                },
                                                "_margin_tablet": {
                                                    "unit": "px",
                                                    "top": "0",
                                                    "right": "0",
                                                    "bottom": "15",
                                                    "left": "0",
                                                    "isLinked": false
                                                }
                                            },
                                            "elements": [],
                                            "isInner": false,
                                            "widgetType": "heading",
                                            "elType": "widget"
                                        },
                                        {
                                            "id": "565223b",
                                            "settings": {
                                                "editor": "Curabitur vel ullamcorper tellus. Nam gravida nibh sed nibh eleifend, vel ullamcorper eros accumsan.",
                                                "align": "center",
                                                "text_color": "#9D9AAD",
                                                "typography_typography": "custom",
                                                "typography_font_family": "Lato",
                                                "typography_font_size": {
                                                    "unit": "em",
                                                    "size": 1.33,
                                                    "sizes": []
                                                },
                                                "typography_font_weight": "400",
                                                "typography_line_height": {
                                                    "unit": "em",
                                                    "size": 1.5,
                                                    "sizes": []
                                                },
                                                "typography_letter_spacing": {
                                                    "unit": "px",
                                                    "size": 0.15,
                                                    "sizes": []
                                                },
                                                "_animation": "fadeInUp",
                                                "_animation_delay": 200,
                                                "typography_text_transform": "none",
                                                "typography_line_height_tablet": {
                                                    "unit": "em",
                                                    "size": 1.3,
                                                    "sizes": []
                                                },
                                                "_padding_tablet": {
                                                    "unit": "px",
                                                    "top": "0",
                                                    "right": "0",
                                                    "bottom": "0",
                                                    "left": "0",
                                                    "isLinked": true
                                                },
                                                "_margin": {
                                                    "unit": "px",
                                                    "top": "0",
                                                    "right": "0",
                                                    "bottom": "0",
                                                    "left": "0",
                                                    "isLinked": false
                                                },
                                                "_padding": {
                                                    "unit": "px",
                                                    "top": "0",
                                                    "right": "270",
                                                    "bottom": "0",
                                                    "left": "270",
                                                    "isLinked": false
                                                },
                                                "typography_font_size_mobile": {
                                                    "unit": "em",
                                                    "size": 0.88,
                                                    "sizes": []
                                                },
                                                "_margin_mobile": {
                                                    "unit": "px",
                                                    "top": "0",
                                                    "right": "0",
                                                    "bottom": "0",
                                                    "left": "0",
                                                    "isLinked": false
                                                }
                                            },
                                            "elements": [],
                                            "isInner": false,
                                            "widgetType": "text-editor",
                                            "elType": "widget"
                                        }
                                    ],
                                    "isInner": true,
                                    "elType": "column"
                                }
                            ],
                            "isInner": true,
                            "elType": "section"
                        }
                    ],
                    "isInner": false,
                    "elType": "column"
                }
            ],
            "isInner": false,
            "elType": "section"
        },
        {
            "id": "367721c0",
            "settings": {
                "content_width": {
                    "unit": "px",
                    "size": 1170,
                    "sizes": []
                },
                "structure": "20",
                "background_background": "classic",
                "background_color": "#FFFFFF",
                "margin": {
                    "unit": "px",
                    "top": "0",
                    "right": 0,
                    "bottom": "0",
                    "left": 0,
                    "isLinked": false
                },
                "padding": {
                    "unit": "px",
                    "top": "129",
                    "right": "0",
                    "bottom": "117",
                    "left": "0",
                    "isLinked": false
                },
                "margin_tablet": {
                    "unit": "px",
                    "top": "0",
                    "right": 0,
                    "bottom": "0",
                    "left": 0,
                    "isLinked": false
                },
                "padding_tablet": {
                    "unit": "px",
                    "top": "90",
                    "right": "30",
                    "bottom": "90",
                    "left": "30",
                    "isLinked": false
                },
                "padding_mobile": {
                    "unit": "px",
                    "top": "60",
                    "right": "20",
                    "bottom": "60",
                    "left": "20",
                    "isLinked": false
                }
            },
            "elements": [
                {
                    "id": "7d9b5860",
                    "settings": {
                        "_column_size": 50,
                        "_inline_size": 50,
                        "space_between_widgets": 0,
                        "background_background": "classic",
                        "background_position": "top center",
                        "background_repeat": "no-repeat",
                        "margin": {
                            "unit": "px",
                            "top": "0",
                            "right": "15",
                            "bottom": "0",
                            "left": "0",
                            "isLinked": false
                        },
                        "padding": {
                            "unit": "px",
                            "top": "0",
                            "right": "0",
                            "bottom": "0",
                            "left": "0",
                            "isLinked": false
                        },
                        "_inline_size_tablet": 50,
                        "background_size_mobile": "cover",
                        "margin_tablet": {
                            "unit": "px",
                            "top": "0",
                            "right": "15",
                            "bottom": "0",
                            "left": "0",
                            "isLinked": false
                        },
                        "margin_mobile": {
                            "unit": "px",
                            "top": "0",
                            "right": "0",
                            "bottom": "30",
                            "left": "0",
                            "isLinked": false
                        },
                        "animation": "fadeInLeft",
                        "background_size": "cover",
                        "padding_tablet": {
                            "unit": "px",
                            "top": "0",
                            "right": "0",
                            "bottom": "0",
                            "left": "0",
                            "isLinked": false
                        },
                        "padding_mobile": {
                            "unit": "px",
                            "top": "0",
                            "right": "0",
                            "bottom": "0",
                            "left": "0",
                            "isLinked": false
                        }
                    },
                    "elements": [
                        {
                            "id": "3baf01ed",
                            "settings": {
                                "tabs": [
                                    {
                                        "tab_title": "What is the advantage of using Vixus?",
                                        "tab_content": "Donec pede justo, fringilla vel, aliquet nec, vulputate eget, arcu. In enim justo, rhoncus ut, imperdiet a, venenatis vitae, justo.",
                                        "_id": "e662050"
                                    },
                                    {
                                        "tab_title": "Can you also help me with the installation and usage of Vixus?",
                                        "tab_content": "Lorem ipsum dolor sit amet, consectetur adipiscing elit. Ut elit tellus, luctus nec ullamcorper mattis, pulvinar dapibus leo.",
                                        "_id": "9c13513"
                                    },
                                    {
                                        "tab_title": "How granular is your billing?",
                                        "tab_content": "Lorem ipsum dolor sit amet, consectetur adipiscing elit. Ut elit tellus, luctus nec ullamcorper mattis, pulvinar dapibus leo.",
                                        "_id": "de34c0a"
                                    },
                                    {
                                        "tab_title": "Are there more resources to learn about using Vixus?",
                                        "tab_content": "Donec pede justo, fringilla vel, aliquet nec, vulputate eget, arcu. In enim justo, rhoncus ut, imperdiet a, venenatis vitae, justo.",
                                        "_id": "fb23343"
                                    },
                                    {
                                        "tab_title": "Do you also offer commercial support for Vixus?",
                                        "tab_content": "Lorem ipsum dolor sit amet, consectetur adipiscing elit. Ut elit tellus, luctus nec ullamcorper mattis, pulvinar dapibus leo.",
                                        "_id": "288ac18"
                                    }
                                ],
                                "selected_icon": {
                                    "value": "fas fa-chevron-down",
                                    "library": "fa-solid"
                                },
                                "selected_active_icon": {
                                    "value": "fas fa-chevron-up",
                                    "library": "fa-solid"
                                },
                                "border_width": {
                                    "unit": "px",
                                    "size": 0,
                                    "sizes": []
                                },
                                "title_color": "#06263F",
                                "title_typography_typography": "custom",
                                "title_typography_font_family": "Cabin",
                                "title_typography_font_size": {
                                    "unit": "em",
                                    "size": 0.91,
                                    "sizes": []
                                },
                                "title_typography_font_weight": "600",
                                "title_typography_line_height": {
                                    "unit": "em",
                                    "size": 1.2,
                                    "sizes": []
                                },
                                "title_typography_letter_spacing": {
                                    "unit": "px",
                                    "size": 0.15,
                                    "sizes": []
                                },
                                "title_padding": {
                                    "unit": "px",
                                    "top": "24",
                                    "right": "0",
                                    "bottom": "30",
                                    "left": "28",
                                    "isLinked": false
                                },
                                "icon_color": "#06263F",
                                "content_color": "#9D9AAD",
                                "content_typography_typography": "custom",
                                "content_typography_font_family": "Hind",
                                "content_typography_font_size": {
                                    "unit": "em",
                                    "size": 1,
                                    "sizes": []
                                },
                                "content_typography_font_weight": "400",
                                "content_typography_line_height": {
                                    "unit": "em",
                                    "size": 1.62,
                                    "sizes": []
                                },
                                "content_typography_letter_spacing": {
                                    "unit": "px",
                                    "size": 0.1,
                                    "sizes": []
                                },
                                "content_padding": {
                                    "unit": "px",
                                    "top": "0",
                                    "right": "0",
                                    "bottom": "25",
                                    "left": "30",
                                    "isLinked": false
                                },
                                "border_color": "rgba(241, 245, 250, 0)",
                                "title_background": "#F1F5FA",
                                "tab_active_color": "#387AFF",
                                "icon_active_color": "#387AFF",
                                "_margin": {
                                    "unit": "px",
                                    "top": "0",
                                    "right": "0",
                                    "bottom": "0",
                                    "left": "0",
                                    "isLinked": false
                                },
                                "_padding": {
                                    "unit": "px",
                                    "top": "0",
                                    "right": "0",
                                    "bottom": "0",
                                    "left": "0",
                                    "isLinked": false
                                },
                                "title_padding_tablet": {
                                    "unit": "px",
                                    "top": "20",
                                    "right": "20",
                                    "bottom": "20",
                                    "left": "20",
                                    "isLinked": true
                                },
                                "icon_space": {
                                    "unit": "px",
                                    "size": 9,
                                    "sizes": []
                                },
                                "content_background_color": "#F1F5FA",
                                "content_padding_tablet": {
                                    "unit": "px",
                                    "top": "0",
                                    "right": "20",
                                    "bottom": "20",
                                    "left": "20",
                                    "isLinked": false
                                }
                            },
                            "elements": [],
                            "isInner": false,
                            "widgetType": "accordion",
                            "elType": "widget"
                        }
                    ],
                    "isInner": false,
                    "elType": "column"
                },
                {
                    "id": "3d7b7353",
                    "settings": {
                        "_column_size": 50,
                        "_inline_size": 50,
                        "space_between_widgets": 0,
                        "margin": {
                            "unit": "px",
                            "top": "0",
                            "right": "0",
                            "bottom": "0",
                            "left": "15",
                            "isLinked": false
                        },
                        "padding": {
                            "unit": "px",
                            "top": "0",
                            "right": "0",
                            "bottom": "0",
                            "left": "0",
                            "isLinked": false
                        },
                        "_inline_size_tablet": 50,
                        "margin_tablet": {
                            "unit": "px",
                            "top": "0",
                            "right": "0",
                            "bottom": "0",
                            "left": "15",
                            "isLinked": false
                        },
                        "padding_tablet": {
                            "unit": "px",
                            "top": "0",
                            "right": "0",
                            "bottom": "0",
                            "left": "0",
                            "isLinked": false
                        },
                        "margin_mobile": {
                            "unit": "px",
                            "top": "0",
                            "right": "0",
                            "bottom": "0",
                            "left": "0",
                            "isLinked": false
                        },
                        "animation": "fadeInRight"
                    },
                    "elements": [
                        {
                            "id": "656966e1",
                            "settings": {
                                "tabs": [
                                    {
                                        "tab_title": "What projects are you working on?",
                                        "tab_content": "Donec pede justo, fringilla vel, aliquet nec, vulputate eget, arcu. In enim justo, rhoncus ut, imperdiet a, venenatis vitae, justo.",
                                        "_id": "e662050"
                                    },
                                    {
                                        "tab_title": "Are there more services to learn about?",
                                        "tab_content": "Donec pede justo, fringilla vel, aliquet nec, vulputate eget, arcu. In enim justo, rhoncus ut, imperdiet a, venenatis vitae, justo.",
                                        "_id": "fb23343"
                                    },
                                    {
                                        "tab_title": "Can you also help me with the customization of your app?",
                                        "tab_content": "Lorem ipsum dolor sit amet, consectetur adipiscing elit. Ut elit tellus, luctus nec ullamcorper mattis, pulvinar dapibus leo.",
                                        "_id": "9c13513"
                                    },
                                    {
                                        "tab_title": "How much does annual subscription cost?",
                                        "tab_content": "Lorem ipsum dolor sit amet, consectetur adipiscing elit. Ut elit tellus, luctus nec ullamcorper mattis, pulvinar dapibus leo.",
                                        "_id": "de34c0a"
                                    },
                                    {
                                        "tab_title": "Do you also offer team packages for Vixus?",
                                        "tab_content": "Lorem ipsum dolor sit amet, consectetur adipiscing elit. Ut elit tellus, luctus nec ullamcorper mattis, pulvinar dapibus leo.",
                                        "_id": "288ac18"
                                    }
                                ],
                                "selected_icon": {
                                    "value": "fas fa-chevron-down",
                                    "library": "fa-solid"
                                },
                                "selected_active_icon": {
                                    "value": "fas fa-chevron-up",
                                    "library": "fa-solid"
                                },
                                "border_width": {
                                    "unit": "px",
                                    "size": 0,
                                    "sizes": []
                                },
                                "title_color": "#06263F",
                                "title_typography_typography": "custom",
                                "title_typography_font_family": "Cabin",
                                "title_typography_font_size": {
                                    "unit": "em",
                                    "size": 0.91,
                                    "sizes": []
                                },
                                "title_typography_font_weight": "600",
                                "title_typography_line_height": {
                                    "unit": "em",
                                    "size": 1.2,
                                    "sizes": []
                                },
                                "title_typography_letter_spacing": {
                                    "unit": "px",
                                    "size": 0.15,
                                    "sizes": []
                                },
                                "title_padding": {
                                    "unit": "px",
                                    "top": "24",
                                    "right": "0",
                                    "bottom": "30",
                                    "left": "28",
                                    "isLinked": false
                                },
                                "icon_color": "#06263F",
                                "content_color": "#9D9AAD",
                                "content_typography_typography": "custom",
                                "content_typography_font_family": "Hind",
                                "content_typography_font_size": {
                                    "unit": "em",
                                    "size": 1,
                                    "sizes": []
                                },
                                "content_typography_font_weight": "400",
                                "content_typography_line_height": {
                                    "unit": "em",
                                    "size": 1.62,
                                    "sizes": []
                                },
                                "content_typography_letter_spacing": {
                                    "unit": "px",
                                    "size": 0.1,
                                    "sizes": []
                                },
                                "content_padding": {
                                    "unit": "px",
                                    "top": "0",
                                    "right": "0",
                                    "bottom": "25",
                                    "left": "30",
                                    "isLinked": false
                                },
                                "border_color": "rgba(241, 245, 250, 0)",
                                "title_background": "#F1F5FA",
                                "tab_active_color": "#387AFF",
                                "icon_active_color": "#387AFF",
                                "_margin": {
                                    "unit": "px",
                                    "top": "0",
                                    "right": "0",
                                    "bottom": "0",
                                    "left": "0",
                                    "isLinked": false
                                },
                                "_padding": {
                                    "unit": "px",
                                    "top": "0",
                                    "right": "0",
                                    "bottom": "0",
                                    "left": "0",
                                    "isLinked": false
                                },
                                "title_padding_tablet": {
                                    "unit": "px",
                                    "top": "20",
                                    "right": "20",
                                    "bottom": "20",
                                    "left": "20",
                                    "isLinked": true
                                },
                                "icon_space": {
                                    "unit": "px",
                                    "size": 9,
                                    "sizes": []
                                },
                                "content_background_color": "#F1F5FA",
                                "content_padding_tablet": {
                                    "unit": "px",
                                    "top": "0",
                                    "right": "20",
                                    "bottom": "20",
                                    "left": "20",
                                    "isLinked": false
                                }
                            },
                            "elements": [],
                            "isInner": false,
                            "widgetType": "accordion",
                            "elType": "widget"
                        }
                    ],
                    "isInner": false,
                    "elType": "column"
                }
            ],
            "isInner": false,
            "elType": "section"
        },
        {
            "id": "772e5c42",
            "settings": {
                "content_width": {
                    "unit": "px",
                    "size": 1170,
                    "sizes": []
                },
                "background_background": "classic",
                "padding": {
                    "unit": "px",
                    "top": "112",
                    "right": "0",
                    "bottom": "143",
                    "left": "0",
                    "isLinked": false
                },
                "margin_tablet": {
                    "unit": "px",
                    "top": "0",
                    "right": 0,
                    "bottom": "0",
                    "left": 0,
                    "isLinked": false
                },
                "padding_tablet": {
                    "unit": "px",
                    "top": "75",
                    "right": "30",
                    "bottom": "90",
                    "left": "30",
                    "isLinked": false
                },
                "padding_mobile": {
                    "unit": "px",
                    "top": "60",
                    "right": "20",
                    "bottom": "60",
                    "left": "20",
                    "isLinked": false
                },
                "background_overlay_background": "classic",
                "background_overlay_opacity": {
                    "unit": "px",
                    "size": 0.4,
                    "sizes": []
                },
                "background_position": "center center",
                "background_repeat": "no-repeat",
                "background_size": "cover",
                "background_color": "#F1F5FA"
            },
            "elements": [
                {
                    "id": "4bdf8b9f",
                    "settings": {
                        "_column_size": 100,
                        "_inline_size": null,
                        "space_between_widgets": 0,
                        "margin": {
                            "unit": "px",
                            "top": "0",
                            "right": "0",
                            "bottom": "0",
                            "left": "0",
                            "isLinked": false
                        },
                        "padding": {
                            "unit": "px",
                            "top": "0",
                            "right": "0",
                            "bottom": "0",
                            "left": "0",
                            "isLinked": false
                        }
                    },
                    "elements": [
                        {
                            "id": "190cbef0",
                            "settings": {
                                "title": "Work With the Tools You Love",
                                "align": "left",
                                "title_color": "#06263F",
                                "typography_typography": "custom",
                                "typography_font_family": "Cabin",
                                "typography_font_size": {
                                    "unit": "em",
                                    "size": 1.66,
                                    "sizes": []
                                },
                                "typography_font_weight": "700",
                                "typography_text_transform": "none",
                                "typography_line_height": {
                                    "unit": "em",
                                    "size": 1.8,
                                    "sizes": []
                                },
                                "typography_letter_spacing": {
                                    "unit": "px",
                                    "size": 0,
                                    "sizes": []
                                },
                                "_margin": {
                                    "unit": "px",
                                    "top": "0",
                                    "right": "0",
                                    "bottom": "26",
                                    "left": "0",
                                    "isLinked": false
                                },
                                "_padding": {
                                    "unit": "px",
                                    "top": "0",
                                    "right": "0",
                                    "bottom": "0",
                                    "left": "0",
                                    "isLinked": false
                                },
                                "typography_font_size_tablet": {
                                    "unit": "em",
                                    "size": "",
                                    "sizes": []
                                },
                                "typography_font_size_mobile": {
                                    "unit": "em",
                                    "size": "",
                                    "sizes": []
                                },
                                "header_size": "h3",
                                "typography_line_height_mobile": {
                                    "unit": "em",
                                    "size": 1.2,
                                    "sizes": []
                                },
                                "_margin_mobile": {
                                    "unit": "px",
                                    "top": "0",
                                    "right": "0",
                                    "bottom": "20",
                                    "left": "0",
                                    "isLinked": false
                                }
                            },
                            "elements": [],
                            "isInner": false,
                            "widgetType": "heading",
                            "elType": "widget"
                        },
                        {
                            "id": "1f44da51",
                            "settings": {
                                "tabs": [
                                    {
                                        "tab_title": "What is the advantage of using Vixus?",
                                        "tab_content": "Donec pede justo, fringilla vel, aliquet nec, vulputate eget, arcu. In enim justo, rhoncus ut, imperdiet a, venenatis vitae, justo.",
                                        "_id": "e662050"
                                    },
                                    {
                                        "tab_title": "Are there more resources to learn about using Vixus?",
                                        "tab_content": "Vivamus interdum luctus libero, sit amet pharetra erat. Donec nunc purus, condimentum nulla quis, rutrum vulputate lacus. Aenean vitae fermentum sapien. Suspendisse potenti. In gravida commodo nulla nec luctus.  ",
                                        "_id": "fb23343"
                                    },
                                    {
                                        "tab_title": "Can you also help me with the installation and usage of Vixus?",
                                        "tab_content": "Lorem ipsum dolor sit amet, consectetur adipiscing elit. Ut elit tellus, luctus nec ullamcorper mattis, pulvinar dapibus leo.",
                                        "_id": "9c13513"
                                    },
                                    {
                                        "tab_title": "How granular is your billing?",
                                        "tab_content": "Lorem ipsum dolor sit amet, consectetur adipiscing elit. Ut elit tellus, luctus nec ullamcorper mattis, pulvinar dapibus leo.",
                                        "_id": "de34c0a"
                                    },
                                    {
                                        "tab_title": "Do you also offer commercial support for Vixus?",
                                        "tab_content": "Lorem ipsum dolor sit amet, consectetur adipiscing elit. Ut elit tellus, luctus nec ullamcorper mattis, pulvinar dapibus leo.",
                                        "_id": "288ac18"
                                    }
                                ],
                                "selected_icon": {
                                    "value": "fas fa-chevron-down",
                                    "library": "fa-solid"
                                },
                                "selected_active_icon": {
                                    "value": "fas fa-chevron-up",
                                    "library": "fa-solid"
                                },
                                "border_width": {
                                    "unit": "px",
                                    "size": 0,
                                    "sizes": []
                                },
                                "title_color": "#06263F",
                                "title_typography_typography": "custom",
                                "title_typography_font_family": "Cabin",
                                "title_typography_font_size": {
                                    "unit": "em",
                                    "size": 0.91,
                                    "sizes": []
                                },
                                "title_typography_font_weight": "600",
                                "title_typography_line_height": {
                                    "unit": "em",
                                    "size": 1.2,
                                    "sizes": []
                                },
                                "title_typography_letter_spacing": {
                                    "unit": "px",
                                    "size": 0.15,
                                    "sizes": []
                                },
                                "title_padding": {
                                    "unit": "px",
                                    "top": "24",
                                    "right": "0",
                                    "bottom": "30",
                                    "left": "28",
                                    "isLinked": false
                                },
                                "icon_color": "#06263F",
                                "content_color": "#9D9AAD",
                                "content_typography_typography": "custom",
                                "content_typography_font_family": "Hind",
                                "content_typography_font_size": {
                                    "unit": "em",
                                    "size": 1,
                                    "sizes": []
                                },
                                "content_typography_font_weight": "400",
                                "content_typography_line_height": {
                                    "unit": "em",
                                    "size": 1.62,
                                    "sizes": []
                                },
                                "content_typography_letter_spacing": {
                                    "unit": "px",
                                    "size": 0.1,
                                    "sizes": []
                                },
                                "content_padding": {
                                    "unit": "px",
                                    "top": "0",
                                    "right": "0",
                                    "bottom": "25",
                                    "left": "30",
                                    "isLinked": false
                                },
                                "border_color": "rgba(241, 245, 250, 0)",
                                "title_background": "#FFFFFF",
                                "tab_active_color": "#387AFF",
                                "icon_active_color": "#387AFF",
                                "_margin": {
                                    "unit": "px",
                                    "top": "0",
                                    "right": "0",
                                    "bottom": "0",
                                    "left": "0",
                                    "isLinked": false
                                },
                                "_padding": {
                                    "unit": "px",
                                    "top": "0",
                                    "right": "0",
                                    "bottom": "0",
                                    "left": "0",
                                    "isLinked": false
                                },
                                "title_padding_tablet": {
                                    "unit": "px",
                                    "top": "20",
                                    "right": "20",
                                    "bottom": "20",
                                    "left": "20",
                                    "isLinked": true
                                },
                                "icon_space": {
                                    "unit": "px",
                                    "size": 9,
                                    "sizes": []
                                },
                                "content_background_color": "#FFFFFF",
                                "content_padding_tablet": {
                                    "unit": "px",
                                    "top": "0",
                                    "right": "20",
                                    "bottom": "20",
                                    "left": "20",
                                    "isLinked": false
                                }
                            },
                            "elements": [],
                            "isInner": false,
                            "widgetType": "accordion",
                            "elType": "widget"
                        }
                    ],
                    "isInner": false,
                    "elType": "column"
                }
            ],
            "isInner": false,
            "elType": "section"
        },
        {
            "id": "21fbce71",
            "settings": {
                "content_width": {
                    "unit": "px",
                    "size": 1170,
                    "sizes": []
                },
                "background_background": "classic",
                "padding": {
                    "unit": "px",
                    "top": "115",
                    "right": "0",
                    "bottom": "115",
                    "left": "0",
                    "isLinked": false
                },
                "margin_tablet": {
                    "unit": "px",
                    "top": "0",
                    "right": 0,
                    "bottom": "0",
                    "left": 0,
                    "isLinked": false
                },
                "padding_tablet": {
                    "unit": "px",
                    "top": "75",
                    "right": "30",
                    "bottom": "67",
                    "left": "30",
                    "isLinked": false
                },
                "padding_mobile": {
                    "unit": "px",
                    "top": "56",
                    "right": "20",
                    "bottom": "60",
                    "left": "20",
                    "isLinked": false
                },
                "background_overlay_background": "classic",
                "background_overlay_opacity": {
                    "unit": "px",
                    "size": 0.4,
                    "sizes": []
                },
                "background_position": "center center",
                "background_repeat": "no-repeat",
                "background_size": "cover",
                "background_color": "#FFFFFF"
            },
            "elements": [
                {
                    "id": "378463ed",
                    "settings": {
                        "_column_size": 100,
                        "_inline_size": null,
                        "space_between_widgets": 0,
                        "margin": {
                            "unit": "px",
                            "top": "0",
                            "right": "0",
                            "bottom": "0",
                            "left": "0",
                            "isLinked": false
                        },
                        "padding": {
                            "unit": "px",
                            "top": "0",
                            "right": "0",
                            "bottom": "0",
                            "left": "0",
                            "isLinked": false
                        }
                    },
                    "elements": [
                        {
                            "id": "c1831fa",
                            "settings": {
                                "title": "We Help Your Ideas Become a Reality",
                                "align": "left",
                                "title_color": "#06263F",
                                "typography_typography": "custom",
                                "typography_font_family": "Cabin",
                                "typography_font_size": {
                                    "unit": "em",
                                    "size": 1.66,
                                    "sizes": []
                                },
                                "typography_font_weight": "700",
                                "typography_text_transform": "none",
                                "typography_line_height": {
                                    "unit": "em",
                                    "size": 1.8,
                                    "sizes": []
                                },
                                "typography_letter_spacing": {
                                    "unit": "px",
                                    "size": 0,
                                    "sizes": []
                                },
                                "_margin": {
                                    "unit": "px",
                                    "top": "0",
                                    "right": "0",
                                    "bottom": "25",
                                    "left": "0",
                                    "isLinked": false
                                },
                                "_padding": {
                                    "unit": "px",
                                    "top": "0",
                                    "right": "0",
                                    "bottom": "0",
                                    "left": "0",
                                    "isLinked": false
                                },
                                "typography_font_size_tablet": {
                                    "unit": "em",
                                    "size": "",
                                    "sizes": []
                                },
                                "typography_font_size_mobile": {
                                    "unit": "em",
                                    "size": "",
                                    "sizes": []
                                },
                                "header_size": "h3",
                                "typography_line_height_mobile": {
                                    "unit": "em",
                                    "size": 1.2,
                                    "sizes": []
                                },
                                "_margin_mobile": {
                                    "unit": "px",
                                    "top": "0",
                                    "right": "0",
                                    "bottom": "20",
                                    "left": "0",
                                    "isLinked": false
                                }
                            },
                            "elements": [],
                            "isInner": false,
                            "widgetType": "heading",
                            "elType": "widget"
                        },
                        {
                            "id": "59f3a1ea",
                            "settings": {
                                "tabs": [
                                    {
                                        "tab_title": "I want to start my own blog. How do I do that?",
                                        "tab_content": "Donec pede justo, fringilla vel, aliquet nec, vulputate eget, arcu. In enim justo, rhoncus ut, imperdiet a, venenatis vitae, justo.",
                                        "_id": "e662050"
                                    },
                                    {
                                        "tab_title": "What is the difference between a blog and website?",
                                        "tab_content": "Vivamus interdum luctus libero, sit amet pharetra erat. Donec nunc purus, condimentum nulla quis, rutrum vulputate lacus. Aenean vitae fermentum sapien. Suspendisse potenti. In gravida commodo nulla nec luctus.  ",
                                        "_id": "fb23343"
                                    },
                                    {
                                        "tab_title": "I already own a domain name. How do I set it up with Vixus?",
                                        "tab_content": "Lorem ipsum dolor sit amet, consectetur adipiscing elit. Ut elit tellus, luctus nec ullamcorper mattis, pulvinar dapibus leo.",
                                        "_id": "9c13513"
                                    },
                                    {
                                        "tab_title": "How do I create a category?",
                                        "tab_content": "Lorem ipsum dolor sit amet, consectetur adipiscing elit. Ut elit tellus, luctus nec ullamcorper mattis, pulvinar dapibus leo.",
                                        "_id": "de34c0a"
                                    },
                                    {
                                        "tab_title": "Why can\u2019t I find my blog when I search for it?",
                                        "tab_content": "Lorem ipsum dolor sit amet, consectetur adipiscing elit. Ut elit tellus, luctus nec ullamcorper mattis, pulvinar dapibus leo.",
                                        "_id": "288ac18"
                                    }
                                ],
                                "selected_icon": {
                                    "value": "fas fa-chevron-down",
                                    "library": "fa-solid"
                                },
                                "selected_active_icon": {
                                    "value": "fas fa-chevron-up",
                                    "library": "fa-solid"
                                },
                                "border_width": {
                                    "unit": "px",
                                    "size": 0,
                                    "sizes": []
                                },
                                "title_color": "#06263F",
                                "title_typography_typography": "custom",
                                "title_typography_font_family": "Cabin",
                                "title_typography_font_size": {
                                    "unit": "em",
                                    "size": 0.91,
                                    "sizes": []
                                },
                                "title_typography_font_weight": "600",
                                "title_typography_line_height": {
                                    "unit": "em",
                                    "size": 1.2,
                                    "sizes": []
                                },
                                "title_typography_letter_spacing": {
                                    "unit": "px",
                                    "size": 0.15,
                                    "sizes": []
                                },
                                "title_padding": {
                                    "unit": "px",
                                    "top": "24",
                                    "right": "0",
                                    "bottom": "30",
                                    "left": "28",
                                    "isLinked": false
                                },
                                "icon_color": "#06263F",
                                "content_color": "#9D9AAD",
                                "content_typography_typography": "custom",
                                "content_typography_font_family": "Hind",
                                "content_typography_font_size": {
                                    "unit": "em",
                                    "size": 1,
                                    "sizes": []
                                },
                                "content_typography_font_weight": "400",
                                "content_typography_line_height": {
                                    "unit": "em",
                                    "size": 1.62,
                                    "sizes": []
                                },
                                "content_typography_letter_spacing": {
                                    "unit": "px",
                                    "size": 0.1,
                                    "sizes": []
                                },
                                "content_padding": {
                                    "unit": "px",
                                    "top": "0",
                                    "right": "0",
                                    "bottom": "25",
                                    "left": "30",
                                    "isLinked": false
                                },
                                "border_color": "rgba(241, 245, 250, 0)",
                                "title_background": "#FFFFFF",
                                "tab_active_color": "#387AFF",
                                "icon_active_color": "#387AFF",
                                "_margin": {
                                    "unit": "px",
                                    "top": "0",
                                    "right": "0",
                                    "bottom": "0",
                                    "left": "0",
                                    "isLinked": false
                                },
                                "_padding": {
                                    "unit": "px",
                                    "top": "0",
                                    "right": "0",
                                    "bottom": "0",
                                    "left": "0",
                                    "isLinked": false
                                },
                                "title_padding_tablet": {
                                    "unit": "px",
                                    "top": "20",
                                    "right": "20",
                                    "bottom": "20",
                                    "left": "20",
                                    "isLinked": true
                                },
                                "icon_space": {
                                    "unit": "px",
                                    "size": 9,
                                    "sizes": []
                                },
                                "content_background_color": "#FFFFFF",
                                "content_padding_tablet": {
                                    "unit": "px",
                                    "top": "0",
                                    "right": "20",
                                    "bottom": "20",
                                    "left": "20",
                                    "isLinked": false
                                }
                            },
                            "elements": [],
                            "isInner": false,
                            "widgetType": "accordion",
                            "elType": "widget"
                        }
                    ],
                    "isInner": false,
                    "elType": "column"
                }
            ],
            "isInner": false,
            "elType": "section"
        }
    ]
}