{
    "version": "0.4",
    "title": "Footer default",
    "type": "footer",
    "metadata": {
        "template_type": "section-footer",
        "include_in_zip": "1",
        "elementor_pro_required": "1",
        "elementor_library_type": "footer",
        "elementor_pro_conditions": [
            "include\/general"
        ],
        "additional_template_information": [
            "This is a \"Footer\" template for Elementor Pro.",
            "This template will display on: Entire Site."
        ],
        "wp_page_template": "default"
    },
    "content": [
        {
            "id": "2aaf6b94",
            "settings": {
                "content_width": {
                    "unit": "px",
                    "size": 1170,
                    "sizes": []
                },
                "structure": "40",
                "background_background": "classic",
                "background_color": "#052036",
                "margin": {
                    "unit": "px",
                    "top": "0",
                    "right": 0,
                    "bottom": "0",
                    "left": 0,
                    "isLinked": false
                },
                "padding": {
                    "unit": "px",
                    "top": "127",
                    "right": "0",
                    "bottom": "112",
                    "left": "0",
                    "isLinked": false
                },
                "padding_tablet": {
                    "unit": "px",
                    "top": "80",
                    "right": "30",
                    "bottom": "72",
                    "left": "30",
                    "isLinked": false
                },
                "margin_tablet": {
                    "unit": "px",
                    "top": "0",
                    "right": 0,
                    "bottom": "0",
                    "left": 0,
                    "isLinked": false
                },
                "padding_mobile": {
                    "unit": "px",
                    "top": "50",
                    "right": "20",
                    "bottom": "50",
                    "left": "20",
                    "isLinked": false
                }
            },
            "elements": [
                {
                    "id": "6fda56aa",
                    "settings": {
                        "_column_size": 25,
                        "_inline_size": 50,
                        "space_between_widgets": 0,
                        "margin": {
                            "unit": "px",
                            "top": "0",
                            "right": "0",
                            "bottom": "0",
                            "left": "0",
                            "isLinked": false
                        },
                        "padding": {
                            "unit": "px",
                            "top": "0",
                            "right": "100",
                            "bottom": "0",
                            "left": "0",
                            "isLinked": false
                        },
                        "margin_mobile": {
                            "unit": "px",
                            "top": "0",
                            "right": "0",
                            "bottom": "20",
                            "left": "0",
                            "isLinked": false
                        },
                        "animation": "fadeIn",
                        "_inline_size_tablet": 40,
                        "padding_tablet": {
                            "unit": "px",
                            "top": "0",
                            "right": "0",
                            "bottom": "0",
                            "left": "0",
                            "isLinked": false
                        }
                    },
                    "elements": [
                        {
                            "id": "ce1c46d",
                            "settings": {
                                "image": {
                                    "id": 189,
                                    "url": "http:\/\/template-kit.axiomthemes.com\/mobile-application\/wp-content\/uploads\/sites\/10\/2020\/02\/logo-white.png"
                                },
                                "image_size": "custom",
                                "image_custom_dimension": {
                                    "width": "129",
                                    "height": "36"
                                },
                                "align": "left",
                                "_margin": {
                                    "unit": "px",
                                    "top": "0",
                                    "right": "0",
                                    "bottom": "30",
                                    "left": "0",
                                    "isLinked": false
                                },
                                "_padding": {
                                    "unit": "px",
                                    "top": "0",
                                    "right": "0",
                                    "bottom": "0",
                                    "left": "0",
                                    "isLinked": false
                                },
                                "width_mobile": {
                                    "unit": "px",
                                    "size": "",
                                    "sizes": []
                                },
                                "_animation": "none",
                                "_margin_mobile": {
                                    "unit": "px",
                                    "top": "0",
                                    "right": "0",
                                    "bottom": "30",
                                    "left": "0",
                                    "isLinked": false
                                }
                            },
                            "elements": [],
                            "isInner": false,
                            "widgetType": "image",
                            "elType": "widget"
                        },
                        {
                            "id": "2948c521",
                            "settings": {
                                "editor": "Aenean eu quam at orci ultricies egestas vel non eros. Sed sodales eros est, a pharetra felis finibus fermentum. ",
                                "text_color": "#9D9AAD",
                                "typography_typography": "custom",
                                "typography_font_family": "Lato",
                                "typography_font_size": {
                                    "unit": "em",
                                    "size": 1,
                                    "sizes": []
                                },
                                "typography_font_weight": "400",
                                "typography_line_height": {
                                    "unit": "em",
                                    "size": 1.58,
                                    "sizes": []
                                },
                                "typography_letter_spacing": {
                                    "unit": "px",
                                    "size": 0.08,
                                    "sizes": []
                                },
                                "_margin": {
                                    "unit": "px",
                                    "top": "0",
                                    "right": "0",
                                    "bottom": "35",
                                    "left": "0",
                                    "isLinked": false
                                },
                                "_padding": {
                                    "unit": "px",
                                    "top": "0",
                                    "right": "0",
                                    "bottom": "0",
                                    "left": "0",
                                    "isLinked": false
                                },
                                "typography_text_transform": "none",
                                "_margin_mobile": {
                                    "unit": "px",
                                    "top": "0",
                                    "right": "0",
                                    "bottom": "0",
                                    "left": "0",
                                    "isLinked": false
                                },
                                "_padding_tablet": {
                                    "unit": "px",
                                    "top": "0",
                                    "right": "0",
                                    "bottom": "0",
                                    "left": "0",
                                    "isLinked": false
                                },
                                "typography_font_size_mobile": {
                                    "unit": "em",
                                    "size": 0.875,
                                    "sizes": []
                                },
                                "typography_line_height_tablet": {
                                    "unit": "em",
                                    "size": 1.3,
                                    "sizes": []
                                }
                            },
                            "elements": [],
                            "isInner": false,
                            "widgetType": "text-editor",
                            "elType": "widget"
                        }
                    ],
                    "isInner": false,
                    "elType": "column"
                },
                {
                    "id": "4087d484",
                    "settings": {
                        "_column_size": 25,
                        "_inline_size": 17.5,
                        "space_between_widgets": 0,
                        "margin": {
                            "unit": "px",
                            "top": "0",
                            "right": "0",
                            "bottom": "0",
                            "left": "0",
                            "isLinked": false
                        },
                        "padding": {
                            "unit": "px",
                            "top": "0",
                            "right": "0",
                            "bottom": "0",
                            "left": "13",
                            "isLinked": false
                        },
                        "margin_mobile": {
                            "unit": "px",
                            "top": "0",
                            "right": "0",
                            "bottom": "20",
                            "left": "0",
                            "isLinked": false
                        },
                        "padding_mobile": {
                            "unit": "px",
                            "top": "0",
                            "right": "0",
                            "bottom": "0",
                            "left": "0",
                            "isLinked": false
                        },
                        "animation": "fadeIn",
                        "animation_delay": 100,
                        "_inline_size_tablet": 20,
                        "padding_tablet": {
                            "unit": "px",
                            "top": "0",
                            "right": "0",
                            "bottom": "0",
                            "left": "15",
                            "isLinked": false
                        }
                    },
                    "elements": [
                        {
                            "id": "11c7d94b",
                            "settings": {
                                "icon_list": [
                                    {
                                        "text": "Features",
                                        "selected_icon": {
                                            "value": "",
                                            "library": ""
                                        },
                                        "_id": "1c13244",
                                        "link": {
                                            "url": "",
                                            "is_external": "",
                                            "nofollow": "",
                                            "custom_attributes": ""
                                        }
                                    },
                                    {
                                        "text": "Customers",
                                        "selected_icon": {
                                            "value": "",
                                            "library": ""
                                        },
                                        "_id": "12ec2c1",
                                        "link": {
                                            "url": "",
                                            "is_external": "",
                                            "nofollow": "",
                                            "custom_attributes": ""
                                        }
                                    },
                                    {
                                        "text": "Content infrastructure",
                                        "selected_icon": {
                                            "value": "",
                                            "library": ""
                                        },
                                        "_id": "d6a3eb0",
                                        "link": {
                                            "url": "",
                                            "is_external": "",
                                            "nofollow": "",
                                            "custom_attributes": ""
                                        }
                                    },
                                    {
                                        "text": "Why Contentful?",
                                        "selected_icon": {
                                            "value": "",
                                            "library": ""
                                        },
                                        "link": {
                                            "url": "",
                                            "is_external": "",
                                            "nofollow": "",
                                            "custom_attributes": ""
                                        },
                                        "_id": "8a0bd13"
                                    },
                                    {
                                        "text": "Pricing",
                                        "selected_icon": {
                                            "value": "",
                                            "library": ""
                                        },
                                        "link": {
                                            "url": "",
                                            "is_external": "",
                                            "nofollow": "",
                                            "custom_attributes": ""
                                        },
                                        "_id": "a2c6833"
                                    }
                                ],
                                "space_between": {
                                    "unit": "px",
                                    "size": 11,
                                    "sizes": []
                                },
                                "icon_align": "left",
                                "text_color": "#FFFFFF",
                                "text_color_hover": "#0590E4",
                                "text_indent": {
                                    "unit": "px",
                                    "size": 0,
                                    "sizes": []
                                },
                                "icon_typography_typography": "custom",
                                "icon_typography_font_family": "Cabin",
                                "icon_typography_font_size": {
                                    "unit": "em",
                                    "size": 0.83,
                                    "sizes": []
                                },
                                "icon_typography_font_weight": "600",
                                "icon_typography_text_transform": "none",
                                "icon_typography_line_height": {
                                    "unit": "em",
                                    "size": 1.5,
                                    "sizes": []
                                },
                                "icon_typography_letter_spacing": {
                                    "unit": "px",
                                    "size": 0.8,
                                    "sizes": []
                                },
                                "space_between_tablet": {
                                    "unit": "px",
                                    "size": 2,
                                    "sizes": []
                                },
                                "_animation": "none",
                                "icon_color": "#FFFFFF",
                                "icon_color_hover": "#387AFF"
                            },
                            "elements": [],
                            "isInner": false,
                            "widgetType": "icon-list",
                            "elType": "widget"
                        }
                    ],
                    "isInner": false,
                    "elType": "column"
                },
                {
                    "id": "1437b57c",
                    "settings": {
                        "_column_size": 25,
                        "_inline_size": 16,
                        "space_between_widgets": 0,
                        "margin": {
                            "unit": "px",
                            "top": "0",
                            "right": "0",
                            "bottom": "0",
                            "left": "0",
                            "isLinked": false
                        },
                        "padding": {
                            "unit": "px",
                            "top": "0",
                            "right": "0",
                            "bottom": "0",
                            "left": "10",
                            "isLinked": false
                        },
                        "margin_mobile": {
                            "unit": "px",
                            "top": "0",
                            "right": "0",
                            "bottom": "20",
                            "left": "0",
                            "isLinked": false
                        },
                        "padding_mobile": {
                            "unit": "px",
                            "top": "0",
                            "right": "0",
                            "bottom": "0",
                            "left": "0",
                            "isLinked": false
                        },
                        "animation": "fadeIn",
                        "animation_delay": 200,
                        "_inline_size_tablet": 20,
                        "padding_tablet": {
                            "unit": "px",
                            "top": "0",
                            "right": "0",
                            "bottom": "0",
                            "left": "15",
                            "isLinked": false
                        }
                    },
                    "elements": [
                        {
                            "id": "672dd13f",
                            "settings": {
                                "icon_list": [
                                    {
                                        "text": "Templates",
                                        "selected_icon": {
                                            "value": "",
                                            "library": ""
                                        },
                                        "_id": "1c13244",
                                        "link": {
                                            "url": "",
                                            "is_external": "",
                                            "nofollow": "",
                                            "custom_attributes": ""
                                        }
                                    },
                                    {
                                        "text": "Blog",
                                        "selected_icon": {
                                            "value": "",
                                            "library": ""
                                        },
                                        "_id": "12ec2c1",
                                        "link": {
                                            "url": "",
                                            "is_external": "",
                                            "nofollow": "",
                                            "custom_attributes": ""
                                        }
                                    },
                                    {
                                        "text": "Press kit",
                                        "selected_icon": {
                                            "value": "",
                                            "library": ""
                                        },
                                        "_id": "d6a3eb0",
                                        "link": {
                                            "url": "",
                                            "is_external": "",
                                            "nofollow": "",
                                            "custom_attributes": ""
                                        }
                                    },
                                    {
                                        "text": "Help Center",
                                        "selected_icon": {
                                            "value": "",
                                            "library": ""
                                        },
                                        "link": {
                                            "url": "",
                                            "is_external": "",
                                            "nofollow": "",
                                            "custom_attributes": ""
                                        },
                                        "_id": "8a0bd13"
                                    }
                                ],
                                "space_between": {
                                    "unit": "px",
                                    "size": 11,
                                    "sizes": []
                                },
                                "icon_align": "left",
                                "text_color": "#FFFFFF",
                                "text_color_hover": "#0590E4",
                                "text_indent": {
                                    "unit": "px",
                                    "size": 0,
                                    "sizes": []
                                },
                                "icon_typography_typography": "custom",
                                "icon_typography_font_family": "Cabin",
                                "icon_typography_font_size": {
                                    "unit": "em",
                                    "size": 0.83,
                                    "sizes": []
                                },
                                "icon_typography_font_weight": "600",
                                "icon_typography_text_transform": "none",
                                "icon_typography_line_height": {
                                    "unit": "em",
                                    "size": 1.5,
                                    "sizes": []
                                },
                                "icon_typography_letter_spacing": {
                                    "unit": "px",
                                    "size": 0.8,
                                    "sizes": []
                                },
                                "space_between_tablet": {
                                    "unit": "px",
                                    "size": 2,
                                    "sizes": []
                                },
                                "_animation": "none",
                                "icon_color": "#FFFFFF",
                                "icon_color_hover": "#387AFF"
                            },
                            "elements": [],
                            "isInner": false,
                            "widgetType": "icon-list",
                            "elType": "widget"
                        }
                    ],
                    "isInner": false,
                    "elType": "column"
                },
                {
                    "id": "3912c06b",
                    "settings": {
                        "_column_size": 25,
                        "_inline_size": 16.5,
                        "space_between_widgets": 0,
                        "margin": {
                            "unit": "px",
                            "top": "0",
                            "right": "0",
                            "bottom": "0",
                            "left": "0",
                            "isLinked": false
                        },
                        "padding": {
                            "unit": "px",
                            "top": "0",
                            "right": "0",
                            "bottom": "0",
                            "left": "23",
                            "isLinked": false
                        },
                        "margin_mobile": {
                            "unit": "px",
                            "top": "0",
                            "right": "0",
                            "bottom": "0",
                            "left": "0",
                            "isLinked": false
                        },
                        "padding_mobile": {
                            "unit": "px",
                            "top": "0",
                            "right": "0",
                            "bottom": "0",
                            "left": "0",
                            "isLinked": false
                        },
                        "animation": "fadeIn",
                        "animation_delay": 300,
                        "_inline_size_tablet": 20,
                        "padding_tablet": {
                            "unit": "px",
                            "top": "0",
                            "right": "0",
                            "bottom": "0",
                            "left": "15",
                            "isLinked": false
                        }
                    },
                    "elements": [
                        {
                            "id": "3e52a00c",
                            "settings": {
                                "icon_list": [
                                    {
                                        "text": "Facebook",
                                        "selected_icon": {
                                            "value": "",
                                            "library": ""
                                        },
                                        "_id": "1c13244",
                                        "link": {
                                            "url": "",
                                            "is_external": "",
                                            "nofollow": "",
                                            "custom_attributes": ""
                                        }
                                    },
                                    {
                                        "text": "Twitter",
                                        "selected_icon": {
                                            "value": "",
                                            "library": ""
                                        },
                                        "_id": "12ec2c1",
                                        "link": {
                                            "url": "",
                                            "is_external": "",
                                            "nofollow": "",
                                            "custom_attributes": ""
                                        }
                                    },
                                    {
                                        "text": "Youtube",
                                        "selected_icon": {
                                            "value": "",
                                            "library": ""
                                        },
                                        "_id": "d6a3eb0",
                                        "link": {
                                            "url": "",
                                            "is_external": "",
                                            "nofollow": "",
                                            "custom_attributes": ""
                                        }
                                    },
                                    {
                                        "text": "GitHub",
                                        "selected_icon": {
                                            "value": "",
                                            "library": ""
                                        },
                                        "link": {
                                            "url": "",
                                            "is_external": "",
                                            "nofollow": "",
                                            "custom_attributes": ""
                                        },
                                        "_id": "8a0bd13"
                                    },
                                    {
                                        "text": "LinkedIn",
                                        "selected_icon": {
                                            "value": "",
                                            "library": ""
                                        },
                                        "link": {
                                            "url": "",
                                            "is_external": "",
                                            "nofollow": "",
                                            "custom_attributes": ""
                                        },
                                        "_id": "8c05dea"
                                    }
                                ],
                                "space_between": {
                                    "unit": "px",
                                    "size": 11,
                                    "sizes": []
                                },
                                "icon_align": "left",
                                "text_color": "#FFFFFF",
                                "text_color_hover": "#0590E4",
                                "text_indent": {
                                    "unit": "px",
                                    "size": 0,
                                    "sizes": []
                                },
                                "icon_typography_typography": "custom",
                                "icon_typography_font_family": "Cabin",
                                "icon_typography_font_size": {
                                    "unit": "em",
                                    "size": 0.83,
                                    "sizes": []
                                },
                                "icon_typography_font_weight": "600",
                                "icon_typography_text_transform": "none",
                                "icon_typography_line_height": {
                                    "unit": "em",
                                    "size": 1.5,
                                    "sizes": []
                                },
                                "icon_typography_letter_spacing": {
                                    "unit": "px",
                                    "size": 0.8,
                                    "sizes": []
                                },
                                "space_between_tablet": {
                                    "unit": "px",
                                    "size": 2,
                                    "sizes": []
                                },
                                "_animation": "none",
                                "icon_color": "#FFFFFF",
                                "icon_color_hover": "#387AFF"
                            },
                            "elements": [],
                            "isInner": false,
                            "widgetType": "icon-list",
                            "elType": "widget"
                        }
                    ],
                    "isInner": false,
                    "elType": "column"
                }
            ],
            "isInner": false,
            "elType": "section"
        }
    ]
}