{
    "version": "0.4",
    "title": "Gallery",
    "type": "page",
    "metadata": {
        "template_type": "single-page",
        "include_in_zip": "1",
        "elementor_pro_required": null,
        "wp_page_template": "elementor_header_footer"
    },
    "content": [
        {
            "id": "9e564c5",
            "settings": {
                "stretch_section": "section-stretched",
                "layout": "full_width",
                "html_tag": "header",
                "margin": {
                    "unit": "px",
                    "top": "0",
                    "right": 0,
                    "bottom": "0",
                    "left": 0,
                    "isLinked": false
                },
                "padding": {
                    "unit": "px",
                    "top": "0",
                    "right": "0",
                    "bottom": "0",
                    "left": "0",
                    "isLinked": false
                },
                "gap": "no",
                "background_background": "classic",
                "background_overlay_background": "classic",
                "background_overlay_opacity": {
                    "unit": "px",
                    "size": 0.4,
                    "sizes": []
                },
                "background_repeat": "no-repeat",
                "background_position": "center center",
                "background_size": "cover",
                "shape_divider_bottom_width": {
                    "unit": "%",
                    "size": 100,
                    "sizes": []
                },
                "shape_divider_bottom_height": {
                    "unit": "px",
                    "size": 90,
                    "sizes": []
                },
                "shape_divider_bottom_flip": "yes",
                "shape_divider_bottom_width_tablet": {
                    "unit": "%",
                    "size": 100,
                    "sizes": []
                },
                "shape_divider_bottom_height_tablet": {
                    "unit": "px",
                    "size": 117,
                    "sizes": []
                },
                "background_color": "#FFFFFF",
                "background_color_b": ""
            },
            "elements": [
                {
                    "id": "35e9bbab",
                    "settings": {
                        "_column_size": 100,
                        "_inline_size": null,
                        "space_between_widgets": 0,
                        "margin": {
                            "unit": "px",
                            "top": "0",
                            "right": "0",
                            "bottom": "0",
                            "left": "0",
                            "isLinked": false
                        },
                        "padding": {
                            "unit": "px",
                            "top": "0",
                            "right": "0",
                            "bottom": "0",
                            "left": "0",
                            "isLinked": false
                        }
                    },
                    "elements": [
                        {
                            "id": "3f68171",
                            "settings": {
                                "content_width": {
                                    "unit": "px",
                                    "size": 1170,
                                    "sizes": []
                                },
                                "background_background": "classic",
                                "background_overlay_background": "classic",
                                "background_overlay_opacity": {
                                    "unit": "px",
                                    "size": 0.4,
                                    "sizes": []
                                },
                                "box_shadow_box_shadow": {
                                    "horizontal": 2,
                                    "vertical": 2,
                                    "blur": "",
                                    "spread": 0,
                                    "color": "rgba(0, 0, 0, 0.3)"
                                },
                                "margin": {
                                    "unit": "px",
                                    "top": "0",
                                    "right": 0,
                                    "bottom": "0",
                                    "left": 0,
                                    "isLinked": false
                                },
                                "padding": {
                                    "unit": "px",
                                    "top": "124",
                                    "right": "0",
                                    "bottom": "44",
                                    "left": "0",
                                    "isLinked": false
                                },
                                "padding_tablet": {
                                    "unit": "px",
                                    "top": "100",
                                    "right": "30",
                                    "bottom": "90",
                                    "left": "30",
                                    "isLinked": false
                                },
                                "padding_mobile": {
                                    "unit": "px",
                                    "top": "70",
                                    "right": "20",
                                    "bottom": "70",
                                    "left": "20",
                                    "isLinked": false
                                }
                            },
                            "elements": [
                                {
                                    "id": "6d416e3d",
                                    "settings": {
                                        "_column_size": 100,
                                        "_inline_size": null,
                                        "space_between_widgets": 0,
                                        "margin": {
                                            "unit": "px",
                                            "top": "0",
                                            "right": "0",
                                            "bottom": "0",
                                            "left": "0",
                                            "isLinked": false
                                        },
                                        "padding": {
                                            "unit": "px",
                                            "top": "0",
                                            "right": "0",
                                            "bottom": "0",
                                            "left": "0",
                                            "isLinked": false
                                        },
                                        "align": "center",
                                        "padding_tablet": {
                                            "unit": "px",
                                            "top": "0",
                                            "right": "0",
                                            "bottom": "0",
                                            "left": "0",
                                            "isLinked": false
                                        },
                                        "_inline_size_tablet": 100
                                    },
                                    "elements": [
                                        {
                                            "id": "4005bafb",
                                            "settings": {
                                                "editor": "Understanding Your Business",
                                                "align": "center",
                                                "text_color": "#387AFF",
                                                "typography_typography": "custom",
                                                "typography_font_family": "Cabin",
                                                "typography_font_size": {
                                                    "unit": "em",
                                                    "size": 1,
                                                    "sizes": []
                                                },
                                                "typography_font_weight": "400",
                                                "typography_line_height": {
                                                    "unit": "em",
                                                    "size": 1.41,
                                                    "sizes": []
                                                },
                                                "typography_letter_spacing": {
                                                    "unit": "px",
                                                    "size": 0,
                                                    "sizes": []
                                                },
                                                "_animation": "fadeInUp",
                                                "_animation_delay": 200,
                                                "typography_text_transform": "none",
                                                "typography_line_height_tablet": {
                                                    "unit": "em",
                                                    "size": 1.3,
                                                    "sizes": []
                                                },
                                                "_padding_tablet": {
                                                    "unit": "px",
                                                    "top": "0",
                                                    "right": "0",
                                                    "bottom": "0",
                                                    "left": "0",
                                                    "isLinked": true
                                                },
                                                "_margin": {
                                                    "unit": "px",
                                                    "top": "0",
                                                    "right": "0",
                                                    "bottom": "22",
                                                    "left": "0",
                                                    "isLinked": false
                                                },
                                                "_padding": {
                                                    "unit": "px",
                                                    "top": "0",
                                                    "right": "0",
                                                    "bottom": "0",
                                                    "left": "0",
                                                    "isLinked": false
                                                },
                                                "typography_font_size_mobile": {
                                                    "unit": "em",
                                                    "size": 0.88,
                                                    "sizes": []
                                                }
                                            },
                                            "elements": [],
                                            "isInner": false,
                                            "widgetType": "text-editor",
                                            "elType": "widget"
                                        },
                                        {
                                            "id": "62d1ba36",
                                            "settings": {
                                                "title": "Our Gallery",
                                                "header_size": "h1",
                                                "title_color": "#06263F",
                                                "typography_typography": "custom",
                                                "typography_font_family": "Cabin",
                                                "typography_font_size": {
                                                    "unit": "em",
                                                    "size": 3.55,
                                                    "sizes": []
                                                },
                                                "typography_font_weight": "700",
                                                "typography_text_transform": "none",
                                                "typography_line_height": {
                                                    "unit": "em",
                                                    "size": 1.14,
                                                    "sizes": []
                                                },
                                                "typography_letter_spacing": {
                                                    "unit": "px",
                                                    "size": 0.1,
                                                    "sizes": []
                                                },
                                                "_margin": {
                                                    "unit": "px",
                                                    "top": "0",
                                                    "right": "0",
                                                    "bottom": "28",
                                                    "left": "0",
                                                    "isLinked": false
                                                },
                                                "_padding": {
                                                    "unit": "px",
                                                    "top": "0",
                                                    "right": "150",
                                                    "bottom": "0",
                                                    "left": "150",
                                                    "isLinked": false
                                                },
                                                "align": "center",
                                                "typography_font_size_tablet": {
                                                    "unit": "em",
                                                    "size": 3,
                                                    "sizes": []
                                                },
                                                "typography_font_size_mobile": {
                                                    "unit": "em",
                                                    "size": 2,
                                                    "sizes": []
                                                },
                                                "_animation": "fadeInUp",
                                                "_padding_tablet": {
                                                    "unit": "px",
                                                    "top": "0",
                                                    "right": "0",
                                                    "bottom": "0",
                                                    "left": "0",
                                                    "isLinked": false
                                                },
                                                "_margin_tablet": {
                                                    "unit": "px",
                                                    "top": "0",
                                                    "right": "0",
                                                    "bottom": "15",
                                                    "left": "0",
                                                    "isLinked": false
                                                }
                                            },
                                            "elements": [],
                                            "isInner": false,
                                            "widgetType": "heading",
                                            "elType": "widget"
                                        },
                                        {
                                            "id": "2bd398ea",
                                            "settings": {
                                                "editor": "<p>Lorem ipsum dolor sit amet, consectetur adipiscing elit. Nam cursus ipsum eros, at vehicula felis pellentesque eu.<\/p>",
                                                "align": "center",
                                                "text_color": "#9D9AAD",
                                                "typography_typography": "custom",
                                                "typography_font_family": "Lato",
                                                "typography_font_size": {
                                                    "unit": "em",
                                                    "size": 1.33,
                                                    "sizes": []
                                                },
                                                "typography_font_weight": "400",
                                                "typography_line_height": {
                                                    "unit": "em",
                                                    "size": 1.5,
                                                    "sizes": []
                                                },
                                                "typography_letter_spacing": {
                                                    "unit": "px",
                                                    "size": 0.15,
                                                    "sizes": []
                                                },
                                                "_animation": "fadeInUp",
                                                "_animation_delay": 200,
                                                "typography_text_transform": "none",
                                                "typography_line_height_tablet": {
                                                    "unit": "em",
                                                    "size": 1.3,
                                                    "sizes": []
                                                },
                                                "_padding_tablet": {
                                                    "unit": "px",
                                                    "top": "0",
                                                    "right": "0",
                                                    "bottom": "0",
                                                    "left": "0",
                                                    "isLinked": true
                                                },
                                                "_margin": {
                                                    "unit": "px",
                                                    "top": "0",
                                                    "right": "0",
                                                    "bottom": "0",
                                                    "left": "0",
                                                    "isLinked": false
                                                },
                                                "_padding": {
                                                    "unit": "px",
                                                    "top": "0",
                                                    "right": "200",
                                                    "bottom": "0",
                                                    "left": "200",
                                                    "isLinked": false
                                                },
                                                "typography_font_size_mobile": {
                                                    "unit": "em",
                                                    "size": 0.88,
                                                    "sizes": []
                                                },
                                                "_margin_tablet": {
                                                    "unit": "px",
                                                    "top": "0",
                                                    "right": "0",
                                                    "bottom": "0",
                                                    "left": "0",
                                                    "isLinked": false
                                                }
                                            },
                                            "elements": [],
                                            "isInner": false,
                                            "widgetType": "text-editor",
                                            "elType": "widget"
                                        }
                                    ],
                                    "isInner": true,
                                    "elType": "column"
                                }
                            ],
                            "isInner": true,
                            "elType": "section"
                        }
                    ],
                    "isInner": false,
                    "elType": "column"
                }
            ],
            "isInner": false,
            "elType": "section"
        },
        {
            "id": "607203a3",
            "settings": {
                "content_width": {
                    "unit": "px",
                    "size": 1170,
                    "sizes": []
                },
                "background_background": "classic",
                "background_color": "#FFFFFF",
                "margin": {
                    "unit": "px",
                    "top": "0",
                    "right": 0,
                    "bottom": "0",
                    "left": 0,
                    "isLinked": false
                },
                "padding": {
                    "unit": "px",
                    "top": "71",
                    "right": "30",
                    "bottom": "125",
                    "left": "30",
                    "isLinked": false
                },
                "margin_tablet": {
                    "unit": "px",
                    "top": "0",
                    "right": 0,
                    "bottom": "0",
                    "left": 0,
                    "isLinked": false
                },
                "padding_tablet": {
                    "unit": "px",
                    "top": "0",
                    "right": "30",
                    "bottom": "90",
                    "left": "30",
                    "isLinked": false
                },
                "padding_mobile": {
                    "unit": "px",
                    "top": "0",
                    "right": "20",
                    "bottom": "60",
                    "left": "20",
                    "isLinked": false
                },
                "background_color_b": "",
                "layout": "full_width"
            },
            "elements": [
                {
                    "id": "41893f6d",
                    "settings": {
                        "_column_size": 100,
                        "_inline_size": null,
                        "space_between_widgets": 0,
                        "margin": {
                            "unit": "px",
                            "top": "0",
                            "right": "0",
                            "bottom": "0",
                            "left": "0",
                            "isLinked": false
                        },
                        "padding": {
                            "unit": "px",
                            "top": "0",
                            "right": "0",
                            "bottom": "0",
                            "left": "0",
                            "isLinked": false
                        }
                    },
                    "elements": [
                        {
                            "id": "3527b8d6",
                            "settings": {
                                "layout": "full_width",
                                "content_position": "middle",
                                "structure": "30",
                                "margin": {
                                    "unit": "px",
                                    "top": "0",
                                    "right": 0,
                                    "bottom": "79",
                                    "left": 0,
                                    "isLinked": false
                                },
                                "margin_tablet": {
                                    "unit": "px",
                                    "top": "0",
                                    "right": 0,
                                    "bottom": "30",
                                    "left": 0,
                                    "isLinked": false
                                },
                                "margin_mobile": {
                                    "unit": "px",
                                    "top": "0",
                                    "right": 0,
                                    "bottom": "30",
                                    "left": 0,
                                    "isLinked": false
                                },
                                "padding": {
                                    "unit": "px",
                                    "top": "0",
                                    "right": "0",
                                    "bottom": "0",
                                    "left": "0",
                                    "isLinked": false
                                }
                            },
                            "elements": [
                                {
                                    "id": "4ae09d3c",
                                    "settings": {
                                        "_column_size": 33,
                                        "_inline_size": null,
                                        "space_between_widgets": 0,
                                        "margin": {
                                            "unit": "px",
                                            "top": "0",
                                            "right": "0",
                                            "bottom": "0",
                                            "left": "0",
                                            "isLinked": false
                                        },
                                        "margin_mobile": {
                                            "unit": "px",
                                            "top": "0",
                                            "right": "0",
                                            "bottom": "30",
                                            "left": "0",
                                            "isLinked": false
                                        },
                                        "padding": {
                                            "unit": "px",
                                            "top": "0",
                                            "right": "0",
                                            "bottom": "0",
                                            "left": "0",
                                            "isLinked": false
                                        }
                                    },
                                    "elements": [
                                        {
                                            "id": "19e5d216",
                                            "settings": {
                                                "image": {
                                                    "url": "http:\/\/template-kit.axiomthemes.com\/mobile-application\/wp-content\/uploads\/sites\/10\/2020\/06\/gallery-1.png",
                                                    "id": 1948
                                                },
                                                "image_size": "custom",
                                                "image_custom_dimension": {
                                                    "width": "450",
                                                    "height": "328"
                                                },
                                                "align": "center",
                                                "link_to": "file",
                                                "open_lightbox": "yes",
                                                "hover_animation": "grow"
                                            },
                                            "elements": [],
                                            "isInner": false,
                                            "widgetType": "image",
                                            "elType": "widget"
                                        }
                                    ],
                                    "isInner": true,
                                    "elType": "column"
                                },
                                {
                                    "id": "18d5a8ad",
                                    "settings": {
                                        "_column_size": 33,
                                        "_inline_size": null,
                                        "space_between_widgets": 0,
                                        "margin": {
                                            "unit": "px",
                                            "top": "0",
                                            "right": "0",
                                            "bottom": "0",
                                            "left": "0",
                                            "isLinked": false
                                        },
                                        "margin_mobile": {
                                            "unit": "px",
                                            "top": "0",
                                            "right": "0",
                                            "bottom": "30",
                                            "left": "0",
                                            "isLinked": false
                                        },
                                        "padding": {
                                            "unit": "px",
                                            "top": "0",
                                            "right": "0",
                                            "bottom": "0",
                                            "left": "0",
                                            "isLinked": false
                                        }
                                    },
                                    "elements": [
                                        {
                                            "id": "61da17b2",
                                            "settings": {
                                                "image": {
                                                    "url": "http:\/\/template-kit.axiomthemes.com\/mobile-application\/wp-content\/uploads\/sites\/10\/2020\/03\/clipart-7.png",
                                                    "id": 1821
                                                },
                                                "image_size": "custom",
                                                "image_custom_dimension": {
                                                    "width": "528",
                                                    "height": "312"
                                                },
                                                "align": "center",
                                                "link_to": "file",
                                                "open_lightbox": "yes",
                                                "hover_animation": "grow"
                                            },
                                            "elements": [],
                                            "isInner": false,
                                            "widgetType": "image",
                                            "elType": "widget"
                                        }
                                    ],
                                    "isInner": true,
                                    "elType": "column"
                                },
                                {
                                    "id": "25fc04f6",
                                    "settings": {
                                        "_column_size": 33,
                                        "_inline_size": null,
                                        "space_between_widgets": 0,
                                        "margin": {
                                            "unit": "px",
                                            "top": "0",
                                            "right": "0",
                                            "bottom": "0",
                                            "left": "0",
                                            "isLinked": false
                                        },
                                        "padding": {
                                            "unit": "px",
                                            "top": "0",
                                            "right": "0",
                                            "bottom": "0",
                                            "left": "0",
                                            "isLinked": false
                                        }
                                    },
                                    "elements": [
                                        {
                                            "id": "a3a76ea",
                                            "settings": {
                                                "image": {
                                                    "url": "http:\/\/template-kit.axiomthemes.com\/mobile-application\/wp-content\/uploads\/sites\/10\/2020\/03\/clipart-6.png",
                                                    "id": 1773
                                                },
                                                "image_size": "custom",
                                                "image_custom_dimension": {
                                                    "width": "313",
                                                    "height": "333"
                                                },
                                                "link_to": "file",
                                                "open_lightbox": "yes",
                                                "css_filters_hover_css_filter": "custom",
                                                "hover_animation": "grow"
                                            },
                                            "elements": [],
                                            "isInner": false,
                                            "widgetType": "image",
                                            "elType": "widget"
                                        }
                                    ],
                                    "isInner": true,
                                    "elType": "column"
                                }
                            ],
                            "isInner": true,
                            "elType": "section"
                        },
                        {
                            "id": "3a9d53ee",
                            "settings": {
                                "layout": "full_width",
                                "content_position": "middle",
                                "structure": "30",
                                "margin": {
                                    "unit": "px",
                                    "top": "0",
                                    "right": 0,
                                    "bottom": "99",
                                    "left": 0,
                                    "isLinked": false
                                },
                                "margin_tablet": {
                                    "unit": "px",
                                    "top": "0",
                                    "right": 0,
                                    "bottom": "30",
                                    "left": 0,
                                    "isLinked": false
                                },
                                "padding": {
                                    "unit": "px",
                                    "top": "0",
                                    "right": "0",
                                    "bottom": "0",
                                    "left": "0",
                                    "isLinked": false
                                }
                            },
                            "elements": [
                                {
                                    "id": "4777acbf",
                                    "settings": {
                                        "_column_size": 33,
                                        "_inline_size": null,
                                        "space_between_widgets": 0,
                                        "margin": {
                                            "unit": "px",
                                            "top": "0",
                                            "right": "0",
                                            "bottom": "0",
                                            "left": "0",
                                            "isLinked": false
                                        },
                                        "margin_mobile": {
                                            "unit": "px",
                                            "top": "0",
                                            "right": "0",
                                            "bottom": "30",
                                            "left": "0",
                                            "isLinked": false
                                        },
                                        "padding": {
                                            "unit": "px",
                                            "top": "0",
                                            "right": "0",
                                            "bottom": "0",
                                            "left": "0",
                                            "isLinked": false
                                        }
                                    },
                                    "elements": [
                                        {
                                            "id": "20cec2d9",
                                            "settings": {
                                                "image": {
                                                    "url": "http:\/\/template-kit.axiomthemes.com\/mobile-application\/wp-content\/uploads\/sites\/10\/2020\/03\/clipart-10.png",
                                                    "id": 1866
                                                },
                                                "image_size": "custom",
                                                "image_custom_dimension": {
                                                    "width": "291",
                                                    "height": "317"
                                                },
                                                "align": "center",
                                                "link_to": "file",
                                                "open_lightbox": "yes",
                                                "hover_animation": "grow"
                                            },
                                            "elements": [],
                                            "isInner": false,
                                            "widgetType": "image",
                                            "elType": "widget"
                                        }
                                    ],
                                    "isInner": true,
                                    "elType": "column"
                                },
                                {
                                    "id": "1c7b9683",
                                    "settings": {
                                        "_column_size": 33,
                                        "_inline_size": null,
                                        "space_between_widgets": 0,
                                        "margin": {
                                            "unit": "px",
                                            "top": "0",
                                            "right": "0",
                                            "bottom": "0",
                                            "left": "0",
                                            "isLinked": false
                                        },
                                        "margin_mobile": {
                                            "unit": "px",
                                            "top": "0",
                                            "right": "0",
                                            "bottom": "30",
                                            "left": "0",
                                            "isLinked": false
                                        },
                                        "padding": {
                                            "unit": "px",
                                            "top": "0",
                                            "right": "0",
                                            "bottom": "0",
                                            "left": "0",
                                            "isLinked": false
                                        }
                                    },
                                    "elements": [
                                        {
                                            "id": "4e402d9f",
                                            "settings": {
                                                "image": {
                                                    "url": "http:\/\/template-kit.axiomthemes.com\/mobile-application\/wp-content\/uploads\/sites\/10\/2020\/02\/clipart-1w.png",
                                                    "id": 1726
                                                },
                                                "image_size": "custom",
                                                "image_custom_dimension": {
                                                    "width": "420",
                                                    "height": "332"
                                                },
                                                "align": "center",
                                                "link_to": "file",
                                                "open_lightbox": "yes",
                                                "hover_animation": "grow"
                                            },
                                            "elements": [],
                                            "isInner": false,
                                            "widgetType": "image",
                                            "elType": "widget"
                                        }
                                    ],
                                    "isInner": true,
                                    "elType": "column"
                                },
                                {
                                    "id": "2174e149",
                                    "settings": {
                                        "_column_size": 33,
                                        "_inline_size": null,
                                        "space_between_widgets": 0,
                                        "margin": {
                                            "unit": "px",
                                            "top": "0",
                                            "right": "0",
                                            "bottom": "0",
                                            "left": "0",
                                            "isLinked": false
                                        },
                                        "padding": {
                                            "unit": "px",
                                            "top": "0",
                                            "right": "0",
                                            "bottom": "0",
                                            "left": "0",
                                            "isLinked": false
                                        }
                                    },
                                    "elements": [
                                        {
                                            "id": "4c1f701b",
                                            "settings": {
                                                "image": {
                                                    "url": "http:\/\/template-kit.axiomthemes.com\/mobile-application\/wp-content\/uploads\/sites\/10\/2020\/02\/clipart-4.png",
                                                    "id": 1744
                                                },
                                                "image_size": "custom",
                                                "image_custom_dimension": {
                                                    "width": "422",
                                                    "height": "329"
                                                },
                                                "link_to": "file",
                                                "open_lightbox": "yes",
                                                "css_filters_hover_css_filter": "custom",
                                                "hover_animation": "grow"
                                            },
                                            "elements": [],
                                            "isInner": false,
                                            "widgetType": "image",
                                            "elType": "widget"
                                        }
                                    ],
                                    "isInner": true,
                                    "elType": "column"
                                }
                            ],
                            "isInner": true,
                            "elType": "section"
                        },
                        {
                            "id": "787b0531",
                            "settings": {
                                "text": "View All Photos",
                                "align": "center",
                                "typography_typography": "custom",
                                "typography_font_family": "Cabin",
                                "typography_font_size": {
                                    "unit": "em",
                                    "size": 0.83,
                                    "sizes": []
                                },
                                "typography_font_weight": "600",
                                "typography_text_transform": "capitalize",
                                "typography_letter_spacing": {
                                    "unit": "px",
                                    "size": 0.6,
                                    "sizes": []
                                },
                                "button_text_color": "#FFFFFF",
                                "background_color": "#387AFF",
                                "hover_color": "#FFFFFF",
                                "button_background_hover_color": "#06263F",
                                "border_width": {
                                    "unit": "px",
                                    "top": "0",
                                    "right": "0",
                                    "bottom": "0",
                                    "left": "0",
                                    "isLinked": true
                                },
                                "border_color": "#BBB9C6",
                                "border_radius": {
                                    "unit": "px",
                                    "top": "7",
                                    "right": "7",
                                    "bottom": "7",
                                    "left": "7",
                                    "isLinked": true
                                },
                                "text_padding": {
                                    "unit": "px",
                                    "top": "25",
                                    "right": "55",
                                    "bottom": "25",
                                    "left": "55",
                                    "isLinked": false
                                },
                                "typography_line_height": {
                                    "unit": "em",
                                    "size": 1,
                                    "sizes": []
                                },
                                "align_mobile": "justify",
                                "text_padding_mobile": {
                                    "unit": "px",
                                    "top": "15",
                                    "right": "30",
                                    "bottom": "15",
                                    "left": "30",
                                    "isLinked": false
                                },
                                "_margin": {
                                    "unit": "px",
                                    "top": "0",
                                    "right": "0",
                                    "bottom": "0",
                                    "left": "0",
                                    "isLinked": false
                                },
                                "_margin_mobile": {
                                    "unit": "px",
                                    "top": "0",
                                    "right": "0",
                                    "bottom": "0",
                                    "left": "0",
                                    "isLinked": false
                                },
                                "_animation": "fadeInDown",
                                "_animation_delay": 600,
                                "typography_text_decoration": "none",
                                "_padding": {
                                    "unit": "px",
                                    "top": "0",
                                    "right": "0",
                                    "bottom": "0",
                                    "left": "0",
                                    "isLinked": false
                                },
                                "hover_animation": "wobble-vertical"
                            },
                            "elements": [],
                            "isInner": false,
                            "widgetType": "button",
                            "elType": "widget"
                        }
                    ],
                    "isInner": false,
                    "elType": "column"
                }
            ],
            "isInner": false,
            "elType": "section"
        }
    ]
}