{
    "version": "0.4",
    "title": "Header style-3",
    "type": "header",
    "metadata": {
        "template_type": "section-header",
        "include_in_zip": "1",
        "elementor_pro_required": "1",
        "elementor_library_type": "header",
        "additional_template_information": [
            "This is a \"Header\" template for Elementor Pro."
        ],
        "wp_page_template": "default"
    },
    "content": [
        {
            "id": "36492eb7",
            "settings": {
                "layout": "full_width",
                "background_background": "classic",
                "background_image": {
                    "url": "http:\/\/template-kit.axiomthemes.com\/mobile-application\/wp-content\/uploads\/sites\/10\/2020\/03\/background-9.jpg",
                    "id": 883
                }
            },
            "elements": [
                {
                    "id": "7650aeff",
                    "settings": {
                        "_column_size": 100,
                        "_inline_size": null
                    },
                    "elements": [
                        {
                            "id": "52660173",
                            "settings": {
                                "content_width": {
                                    "unit": "px",
                                    "size": 1170,
                                    "sizes": []
                                },
                                "structure": "30",
                                "background_background": "classic",
                                "margin": {
                                    "unit": "px",
                                    "top": "0",
                                    "right": 0,
                                    "bottom": "0",
                                    "left": 0,
                                    "isLinked": false
                                },
                                "padding": {
                                    "unit": "px",
                                    "top": "31",
                                    "right": "0",
                                    "bottom": "30",
                                    "left": "0",
                                    "isLinked": false
                                },
                                "gap": "no",
                                "padding_tablet": {
                                    "unit": "px",
                                    "top": "20",
                                    "right": "30",
                                    "bottom": "20",
                                    "left": "30",
                                    "isLinked": false
                                },
                                "padding_mobile": {
                                    "unit": "px",
                                    "top": "30",
                                    "right": "20",
                                    "bottom": "20",
                                    "left": "20",
                                    "isLinked": false
                                }
                            },
                            "elements": [
                                {
                                    "id": "224c8e19",
                                    "settings": {
                                        "_column_size": 33,
                                        "_inline_size": 15,
                                        "space_between_widgets": 0,
                                        "margin": {
                                            "unit": "px",
                                            "top": "0",
                                            "right": "0",
                                            "bottom": "0",
                                            "left": "0",
                                            "isLinked": false
                                        },
                                        "padding": {
                                            "unit": "px",
                                            "top": "9",
                                            "right": "0",
                                            "bottom": "0",
                                            "left": "0",
                                            "isLinked": false
                                        },
                                        "_inline_size_tablet": 32,
                                        "_inline_size_mobile": 60,
                                        "margin_tablet": {
                                            "unit": "px",
                                            "top": "0",
                                            "right": "0",
                                            "bottom": "0",
                                            "left": "0",
                                            "isLinked": false
                                        },
                                        "padding_tablet": {
                                            "unit": "px",
                                            "top": "14",
                                            "right": "0",
                                            "bottom": "0",
                                            "left": "0",
                                            "isLinked": false
                                        }
                                    },
                                    "elements": [
                                        {
                                            "id": "117ee625",
                                            "settings": {
                                                "image": {
                                                    "id": 189,
                                                    "url": "http:\/\/template-kit.axiomthemes.com\/mobile-application\/wp-content\/uploads\/sites\/10\/2020\/02\/logo-white.png"
                                                },
                                                "image_size": "custom",
                                                "image_custom_dimension": {
                                                    "width": "129",
                                                    "height": "36"
                                                },
                                                "align": "left",
                                                "align_mobile": "left",
                                                "_margin_mobile": {
                                                    "unit": "px",
                                                    "top": "0",
                                                    "right": "0",
                                                    "bottom": "15",
                                                    "left": "0",
                                                    "isLinked": false
                                                },
                                                "_padding_mobile": {
                                                    "unit": "px",
                                                    "top": "0",
                                                    "right": "0",
                                                    "bottom": "0",
                                                    "left": "0",
                                                    "isLinked": false
                                                },
                                                "_animation": "fadeIn"
                                            },
                                            "elements": [],
                                            "isInner": false,
                                            "widgetType": "image",
                                            "elType": "widget"
                                        }
                                    ],
                                    "isInner": true,
                                    "elType": "column"
                                },
                                {
                                    "id": "7ac8436d",
                                    "settings": {
                                        "_column_size": 33,
                                        "_inline_size": 67.932,
                                        "space_between_widgets": 0,
                                        "margin": {
                                            "unit": "px",
                                            "top": "0",
                                            "right": "0",
                                            "bottom": "0",
                                            "left": "0",
                                            "isLinked": false
                                        },
                                        "padding": {
                                            "unit": "px",
                                            "top": "7",
                                            "right": "0",
                                            "bottom": "0",
                                            "left": "0",
                                            "isLinked": false
                                        },
                                        "_inline_size_tablet": 18,
                                        "_inline_size_mobile": 40,
                                        "padding_tablet": {
                                            "unit": "px",
                                            "top": "14",
                                            "right": "0",
                                            "bottom": "0",
                                            "left": "0",
                                            "isLinked": false
                                        }
                                    },
                                    "elements": [
                                        {
                                            "id": "79979560",
                                            "settings": {
                                                "align_items": "right",
                                                "pointer": "none",
                                                "menu_typography_typography": "custom",
                                                "menu_typography_font_family": "Cabin",
                                                "menu_typography_font_size": {
                                                    "unit": "em",
                                                    "size": 0.83,
                                                    "sizes": []
                                                },
                                                "menu_typography_font_weight": "600",
                                                "menu_typography_text_transform": "capitalize",
                                                "menu_typography_line_height": {
                                                    "unit": "em",
                                                    "size": 1.13,
                                                    "sizes": []
                                                },
                                                "menu_typography_letter_spacing": {
                                                    "unit": "px",
                                                    "size": 0.9,
                                                    "sizes": []
                                                },
                                                "color_menu_item": "#FFFFFF",
                                                "color_menu_item_hover": "#908DA3",
                                                "color_menu_item_active": "#908DA3",
                                                "padding_horizontal_menu_item": {
                                                    "unit": "px",
                                                    "size": 0,
                                                    "sizes": []
                                                },
                                                "menu_space_between": {
                                                    "unit": "px",
                                                    "size": 43,
                                                    "sizes": []
                                                },
                                                "toggle_color": "#FFFFFF",
                                                "toggle_color_hover": "#387AFF",
                                                "toggle_size": {
                                                    "unit": "px",
                                                    "size": 23,
                                                    "sizes": []
                                                },
                                                "toggle_border_radius": {
                                                    "unit": "px",
                                                    "size": 4,
                                                    "sizes": []
                                                },
                                                "_margin": {
                                                    "unit": "px",
                                                    "top": "0",
                                                    "right": "0",
                                                    "bottom": "0",
                                                    "left": "0",
                                                    "isLinked": false
                                                },
                                                "_margin_mobile": {
                                                    "unit": "px",
                                                    "top": "0",
                                                    "right": "0",
                                                    "bottom": "15",
                                                    "left": "0",
                                                    "isLinked": false
                                                },
                                                "_padding": {
                                                    "unit": "px",
                                                    "top": "0",
                                                    "right": "0",
                                                    "bottom": "0",
                                                    "left": "0",
                                                    "isLinked": false
                                                },
                                                "_animation": "fadeInDown",
                                                "_animation_delay": 300,
                                                "menu_typography_text_decoration": "none",
                                                "indicator": "chevron",
                                                "full_width": "stretch",
                                                "text_align": "center",
                                                "toggle_align": "right",
                                                "color_dropdown_item": "#FFFFFF",
                                                "background_color_dropdown_item": "#052036",
                                                "color_dropdown_item_hover": "#052036",
                                                "background_color_dropdown_item_hover": "#FFFFFF",
                                                "color_dropdown_item_active": "#052036",
                                                "background_color_dropdown_item_active": "#FFFFFF",
                                                "dropdown_typography_typography": "custom",
                                                "dropdown_typography_font_family": "Cabin",
                                                "dropdown_typography_font_size": {
                                                    "unit": "em",
                                                    "size": 1,
                                                    "sizes": []
                                                },
                                                "dropdown_typography_font_weight": "600",
                                                "dropdown_typography_text_transform": "capitalize",
                                                "dropdown_typography_letter_spacing": {
                                                    "unit": "px",
                                                    "size": 0,
                                                    "sizes": []
                                                },
                                                "dropdown_border_width": {
                                                    "unit": "px",
                                                    "top": "0",
                                                    "right": "0",
                                                    "bottom": "1",
                                                    "left": "0",
                                                    "isLinked": false
                                                },
                                                "dropdown_border_color": "#908DA3",
                                                "padding_horizontal_dropdown_item": {
                                                    "unit": "px",
                                                    "size": 4,
                                                    "sizes": []
                                                },
                                                "padding_vertical_dropdown_item": {
                                                    "unit": "px",
                                                    "size": 12,
                                                    "sizes": []
                                                },
                                                "dropdown_divider_color": "#908DA3",
                                                "dropdown_divider_width": {
                                                    "unit": "px",
                                                    "size": 1,
                                                    "sizes": []
                                                },
                                                "dropdown_top_distance": {
                                                    "unit": "px",
                                                    "size": 5,
                                                    "sizes": []
                                                }
                                            },
                                            "elements": [],
                                            "isInner": false,
                                            "widgetType": "nav-menu",
                                            "elType": "widget"
                                        }
                                    ],
                                    "isInner": true,
                                    "elType": "column"
                                },
                                {
                                    "id": "d8555bc",
                                    "settings": {
                                        "_column_size": 33,
                                        "_inline_size": 16.4,
                                        "space_between_widgets": 0,
                                        "margin": {
                                            "unit": "px",
                                            "top": "0",
                                            "right": "0",
                                            "bottom": "0",
                                            "left": "0",
                                            "isLinked": false
                                        },
                                        "padding": {
                                            "unit": "px",
                                            "top": "0",
                                            "right": "0",
                                            "bottom": "0",
                                            "left": "0",
                                            "isLinked": false
                                        },
                                        "_inline_size_tablet": 50,
                                        "padding_tablet": {
                                            "unit": "px",
                                            "top": "7",
                                            "right": "0",
                                            "bottom": "0",
                                            "left": "0",
                                            "isLinked": false
                                        }
                                    },
                                    "elements": [
                                        {
                                            "id": "334a56f9",
                                            "settings": {
                                                "text": "Contact Us",
                                                "align": "right",
                                                "typography_typography": "custom",
                                                "typography_font_family": "Cabin",
                                                "typography_font_size": {
                                                    "unit": "em",
                                                    "size": 0.83,
                                                    "sizes": []
                                                },
                                                "typography_font_weight": "600",
                                                "typography_text_transform": "capitalize",
                                                "typography_letter_spacing": {
                                                    "unit": "px",
                                                    "size": 0.6,
                                                    "sizes": []
                                                },
                                                "button_text_color": "#FFFFFF",
                                                "background_color": "#FFAB01",
                                                "hover_color": "#FFFFFF",
                                                "button_background_hover_color": "#387AFF",
                                                "border_border": "solid",
                                                "border_width": {
                                                    "unit": "px",
                                                    "top": "0",
                                                    "right": "0",
                                                    "bottom": "0",
                                                    "left": "0",
                                                    "isLinked": true
                                                },
                                                "border_color": "#BBB9C6",
                                                "border_radius": {
                                                    "unit": "px",
                                                    "top": "4",
                                                    "right": "4",
                                                    "bottom": "4",
                                                    "left": "4",
                                                    "isLinked": true
                                                },
                                                "text_padding": {
                                                    "unit": "px",
                                                    "top": "18",
                                                    "right": "36",
                                                    "bottom": "18",
                                                    "left": "38",
                                                    "isLinked": false
                                                },
                                                "typography_line_height": {
                                                    "unit": "em",
                                                    "size": 1,
                                                    "sizes": []
                                                },
                                                "align_mobile": "justify",
                                                "text_padding_mobile": {
                                                    "unit": "px",
                                                    "top": "15",
                                                    "right": "25",
                                                    "bottom": "12",
                                                    "left": "25",
                                                    "isLinked": false
                                                },
                                                "_margin": {
                                                    "unit": "px",
                                                    "top": "0",
                                                    "right": "-6",
                                                    "bottom": "0",
                                                    "left": "0",
                                                    "isLinked": false
                                                },
                                                "_margin_mobile": {
                                                    "unit": "px",
                                                    "top": "0",
                                                    "right": "0",
                                                    "bottom": "0",
                                                    "left": "0",
                                                    "isLinked": false
                                                },
                                                "_animation": "fadeInDown",
                                                "_animation_delay": 600,
                                                "typography_text_decoration": "none",
                                                "hover_animation": "wobble-vertical",
                                                "_margin_tablet": {
                                                    "unit": "px",
                                                    "top": "0",
                                                    "right": "0",
                                                    "bottom": "0",
                                                    "left": "0",
                                                    "isLinked": false
                                                }
                                            },
                                            "elements": [],
                                            "isInner": false,
                                            "widgetType": "button",
                                            "elType": "widget"
                                        }
                                    ],
                                    "isInner": true,
                                    "elType": "column"
                                }
                            ],
                            "isInner": true,
                            "elType": "section"
                        }
                    ],
                    "isInner": false,
                    "elType": "column"
                }
            ],
            "isInner": false,
            "elType": "section"
        }
    ]
}