{
    "version": "0.4",
    "title": "Header style-2",
    "type": "header",
    "metadata": {
        "template_type": "section-header",
        "include_in_zip": "1",
        "elementor_pro_required": "1",
        "elementor_library_type": "header",
        "additional_template_information": [
            "This is a \"Header\" template for Elementor Pro."
        ],
        "wp_page_template": "default"
    },
    "content": [
        {
            "id": "166add30",
            "settings": {
                "layout": "full_width",
                "background_background": "classic",
                "background_image": {
                    "url": "http:\/\/template-kit.axiomthemes.com\/mobile-application\/wp-content\/uploads\/sites\/10\/2020\/03\/background-9.jpg",
                    "id": 883
                }
            },
            "elements": [
                {
                    "id": "2f33ef93",
                    "settings": {
                        "_column_size": 100,
                        "_inline_size": null
                    },
                    "elements": [
                        {
                            "id": "6ccb6b10",
                            "settings": {
                                "content_width": {
                                    "unit": "px",
                                    "size": 1170,
                                    "sizes": []
                                },
                                "structure": "30",
                                "background_background": "classic",
                                "margin": {
                                    "unit": "px",
                                    "top": "0",
                                    "right": 0,
                                    "bottom": "0",
                                    "left": 0,
                                    "isLinked": false
                                },
                                "padding": {
                                    "unit": "px",
                                    "top": "31",
                                    "right": "10",
                                    "bottom": "30",
                                    "left": "40",
                                    "isLinked": false
                                },
                                "layout": "full_width",
                                "gap": "no",
                                "padding_tablet": {
                                    "unit": "px",
                                    "top": "20",
                                    "right": "30",
                                    "bottom": "20",
                                    "left": "30",
                                    "isLinked": false
                                },
                                "padding_mobile": {
                                    "unit": "px",
                                    "top": "30",
                                    "right": "20",
                                    "bottom": "20",
                                    "left": "20",
                                    "isLinked": false
                                }
                            },
                            "elements": [
                                {
                                    "id": "4c842f94",
                                    "settings": {
                                        "_column_size": 33,
                                        "_inline_size": 15,
                                        "space_between_widgets": 0,
                                        "margin": {
                                            "unit": "px",
                                            "top": "0",
                                            "right": "0",
                                            "bottom": "0",
                                            "left": "0",
                                            "isLinked": false
                                        },
                                        "padding": {
                                            "unit": "px",
                                            "top": "9",
                                            "right": "0",
                                            "bottom": "0",
                                            "left": "0",
                                            "isLinked": false
                                        },
                                        "_inline_size_tablet": 19,
                                        "_inline_size_mobile": 60,
                                        "padding_tablet": {
                                            "unit": "px",
                                            "top": "13",
                                            "right": "0",
                                            "bottom": "0",
                                            "left": "0",
                                            "isLinked": false
                                        }
                                    },
                                    "elements": [
                                        {
                                            "id": "7b09ba83",
                                            "settings": {
                                                "image": {
                                                    "id": 189,
                                                    "url": "http:\/\/template-kit.axiomthemes.com\/mobile-application\/wp-content\/uploads\/sites\/10\/2020\/02\/logo-white.png"
                                                },
                                                "image_size": "custom",
                                                "image_custom_dimension": {
                                                    "width": "129",
                                                    "height": "36"
                                                },
                                                "align": "left",
                                                "align_mobile": "left",
                                                "_margin_mobile": {
                                                    "unit": "px",
                                                    "top": "0",
                                                    "right": "0",
                                                    "bottom": "5",
                                                    "left": "0",
                                                    "isLinked": false
                                                },
                                                "_padding_mobile": {
                                                    "unit": "px",
                                                    "top": "0",
                                                    "right": "0",
                                                    "bottom": "0",
                                                    "left": "0",
                                                    "isLinked": false
                                                },
                                                "_animation": "fadeIn"
                                            },
                                            "elements": [],
                                            "isInner": false,
                                            "widgetType": "image",
                                            "elType": "widget"
                                        }
                                    ],
                                    "isInner": true,
                                    "elType": "column"
                                },
                                {
                                    "id": "5f01fe5e",
                                    "settings": {
                                        "_column_size": 33,
                                        "_inline_size": 75.832,
                                        "space_between_widgets": 0,
                                        "margin": {
                                            "unit": "px",
                                            "top": "0",
                                            "right": "0",
                                            "bottom": "0",
                                            "left": "0",
                                            "isLinked": false
                                        },
                                        "padding": {
                                            "unit": "px",
                                            "top": "7",
                                            "right": "0",
                                            "bottom": "0",
                                            "left": "0",
                                            "isLinked": false
                                        },
                                        "_inline_size_tablet": 33,
                                        "_inline_size_mobile": 40,
                                        "padding_tablet": {
                                            "unit": "px",
                                            "top": "14",
                                            "right": "0",
                                            "bottom": "0",
                                            "left": "0",
                                            "isLinked": false
                                        },
                                        "padding_mobile": {
                                            "unit": "px",
                                            "top": "9",
                                            "right": "0",
                                            "bottom": "0",
                                            "left": "0",
                                            "isLinked": false
                                        }
                                    },
                                    "elements": [
                                        {
                                            "id": "1d5db7c1",
                                            "settings": {
                                                "align_items": "right",
                                                "pointer": "none",
                                                "menu_typography_typography": "custom",
                                                "menu_typography_font_family": "Cabin",
                                                "menu_typography_font_size": {
                                                    "unit": "em",
                                                    "size": 0.83,
                                                    "sizes": []
                                                },
                                                "menu_typography_font_weight": "600",
                                                "menu_typography_text_transform": "capitalize",
                                                "menu_typography_line_height": {
                                                    "unit": "em",
                                                    "size": 1.13,
                                                    "sizes": []
                                                },
                                                "menu_typography_letter_spacing": {
                                                    "unit": "px",
                                                    "size": 0.9,
                                                    "sizes": []
                                                },
                                                "color_menu_item": "#FFFFFF",
                                                "color_menu_item_hover": "#908DA3",
                                                "color_menu_item_active": "#908DA3",
                                                "padding_horizontal_menu_item": {
                                                    "unit": "px",
                                                    "size": 0,
                                                    "sizes": []
                                                },
                                                "menu_space_between": {
                                                    "unit": "px",
                                                    "size": 43,
                                                    "sizes": []
                                                },
                                                "toggle_color": "#FFFFFF",
                                                "toggle_color_hover": "#387AFF",
                                                "toggle_size": {
                                                    "unit": "px",
                                                    "size": 23,
                                                    "sizes": []
                                                },
                                                "toggle_border_radius": {
                                                    "unit": "px",
                                                    "size": 4,
                                                    "sizes": []
                                                },
                                                "_margin": {
                                                    "unit": "px",
                                                    "top": "0",
                                                    "right": "0",
                                                    "bottom": "0",
                                                    "left": "0",
                                                    "isLinked": false
                                                },
                                                "_margin_mobile": {
                                                    "unit": "px",
                                                    "top": "0",
                                                    "right": "0",
                                                    "bottom": "15",
                                                    "left": "0",
                                                    "isLinked": false
                                                },
                                                "_padding": {
                                                    "unit": "px",
                                                    "top": "0",
                                                    "right": "0",
                                                    "bottom": "0",
                                                    "left": "0",
                                                    "isLinked": false
                                                },
                                                "_animation": "fadeInDown",
                                                "_animation_delay": 300,
                                                "menu_typography_text_decoration": "none",
                                                "indicator": "chevron",
                                                "full_width": "stretch",
                                                "text_align": "center",
                                                "toggle_align": "right",
                                                "color_dropdown_item": "#FFFFFF",
                                                "background_color_dropdown_item": "#052036",
                                                "color_dropdown_item_hover": "#052036",
                                                "background_color_dropdown_item_hover": "#FFFFFF",
                                                "color_dropdown_item_active": "#052036",
                                                "background_color_dropdown_item_active": "#FFFFFF",
                                                "dropdown_typography_typography": "custom",
                                                "dropdown_typography_font_family": "Cabin",
                                                "dropdown_typography_font_size": {
                                                    "unit": "em",
                                                    "size": 1,
                                                    "sizes": []
                                                },
                                                "dropdown_typography_font_weight": "600",
                                                "dropdown_typography_text_transform": "capitalize",
                                                "dropdown_typography_letter_spacing": {
                                                    "unit": "px",
                                                    "size": 0,
                                                    "sizes": []
                                                },
                                                "dropdown_border_width": {
                                                    "unit": "px",
                                                    "top": "0",
                                                    "right": "0",
                                                    "bottom": "1",
                                                    "left": "0",
                                                    "isLinked": false
                                                },
                                                "dropdown_border_color": "#908DA3",
                                                "padding_horizontal_dropdown_item": {
                                                    "unit": "px",
                                                    "size": 4,
                                                    "sizes": []
                                                },
                                                "padding_vertical_dropdown_item": {
                                                    "unit": "px",
                                                    "size": 12,
                                                    "sizes": []
                                                },
                                                "dropdown_divider_color": "#908DA3",
                                                "dropdown_divider_width": {
                                                    "unit": "px",
                                                    "size": 1,
                                                    "sizes": []
                                                },
                                                "dropdown_top_distance": {
                                                    "unit": "px",
                                                    "size": 5,
                                                    "sizes": []
                                                }
                                            },
                                            "elements": [],
                                            "isInner": false,
                                            "widgetType": "nav-menu",
                                            "elType": "widget"
                                        }
                                    ],
                                    "isInner": true,
                                    "elType": "column"
                                },
                                {
                                    "id": "77f09154",
                                    "settings": {
                                        "_column_size": 33,
                                        "_inline_size": 8.5,
                                        "space_between_widgets": 0,
                                        "margin": {
                                            "unit": "px",
                                            "top": "10",
                                            "right": "0",
                                            "bottom": "0",
                                            "left": "0",
                                            "isLinked": false
                                        },
                                        "padding": {
                                            "unit": "px",
                                            "top": "6",
                                            "right": "0",
                                            "bottom": "0",
                                            "left": "0",
                                            "isLinked": false
                                        },
                                        "_inline_size_tablet": 48,
                                        "padding_tablet": {
                                            "unit": "px",
                                            "top": "7",
                                            "right": "0",
                                            "bottom": "0",
                                            "left": "0",
                                            "isLinked": false
                                        }
                                    },
                                    "elements": [
                                        {
                                            "id": "29a811ce",
                                            "settings": {
                                                "social_icon_list": [
                                                    {
                                                        "social_icon": {
                                                            "value": "fab fa-facebook-f",
                                                            "library": "fa-brands"
                                                        },
                                                        "_id": "5f98737",
                                                        "link": {
                                                            "url": "",
                                                            "is_external": "true",
                                                            "nofollow": "",
                                                            "custom_attributes": ""
                                                        },
                                                        "item_icon_color": "default",
                                                        "item_icon_primary_color": "#FFFFFF",
                                                        "item_icon_secondary_color": "#2A2826"
                                                    },
                                                    {
                                                        "social_icon": {
                                                            "value": "fab fa-twitter",
                                                            "library": "fa-brands"
                                                        },
                                                        "_id": "c779e2a",
                                                        "link": {
                                                            "url": "",
                                                            "is_external": "true",
                                                            "nofollow": "",
                                                            "custom_attributes": ""
                                                        },
                                                        "item_icon_color": "default",
                                                        "item_icon_primary_color": "rgba(255, 255, 255, 0.2196078431372549)",
                                                        "item_icon_secondary_color": "#FFFFFF"
                                                    },
                                                    {
                                                        "social_icon": {
                                                            "value": "fab fa-instagram",
                                                            "library": "fa-brands"
                                                        },
                                                        "_id": "2bf1ca6",
                                                        "link": {
                                                            "url": "",
                                                            "is_external": "true",
                                                            "nofollow": "",
                                                            "custom_attributes": ""
                                                        },
                                                        "item_icon_color": "default",
                                                        "item_icon_primary_color": "rgba(255, 255, 255, 0.2196078431372549)",
                                                        "item_icon_secondary_color": "#FFFFFF"
                                                    }
                                                ],
                                                "align": "right",
                                                "icon_size": {
                                                    "unit": "px",
                                                    "size": 15,
                                                    "sizes": []
                                                },
                                                "icon_spacing": {
                                                    "unit": "px",
                                                    "size": 10,
                                                    "sizes": []
                                                },
                                                "_margin": {
                                                    "unit": "px",
                                                    "top": "0",
                                                    "right": "0",
                                                    "bottom": "0",
                                                    "left": "0",
                                                    "isLinked": false
                                                },
                                                "_padding": {
                                                    "unit": "px",
                                                    "top": "0",
                                                    "right": "0",
                                                    "bottom": "0",
                                                    "left": "0",
                                                    "isLinked": false
                                                },
                                                "align_mobile": "center",
                                                "icon_size_tablet": {
                                                    "unit": "px",
                                                    "size": 16,
                                                    "sizes": []
                                                },
                                                "icon_padding": {
                                                    "unit": "em",
                                                    "size": 0.45,
                                                    "sizes": []
                                                },
                                                "icon_spacing_tablet": {
                                                    "unit": "px",
                                                    "size": 8,
                                                    "sizes": []
                                                },
                                                "_margin_tablet": {
                                                    "unit": "px",
                                                    "top": "0",
                                                    "right": "0",
                                                    "bottom": "0",
                                                    "left": "0",
                                                    "isLinked": false
                                                },
                                                "_padding_tablet": {
                                                    "unit": "px",
                                                    "top": "0",
                                                    "right": "0",
                                                    "bottom": "0",
                                                    "left": "0",
                                                    "isLinked": false
                                                },
                                                "_animation": "fadeIn",
                                                "_animation_delay": 800,
                                                "icon_color": "custom",
                                                "icon_primary_color": "#FFFFFF",
                                                "icon_secondary_color": "#06263F",
                                                "border_radius": {
                                                    "unit": "px",
                                                    "top": "50",
                                                    "right": "50",
                                                    "bottom": "50",
                                                    "left": "50",
                                                    "isLinked": true
                                                }
                                            },
                                            "elements": [],
                                            "isInner": false,
                                            "widgetType": "social-icons",
                                            "elType": "widget"
                                        }
                                    ],
                                    "isInner": true,
                                    "elType": "column"
                                }
                            ],
                            "isInner": true,
                            "elType": "section"
                        }
                    ],
                    "isInner": false,
                    "elType": "column"
                }
            ],
            "isInner": false,
            "elType": "section"
        }
    ]
}